,Course#,Total_Q,%Response,#Contributions,Avg_Response_Time,Enrolled,instructor_response,%Active,semester,department_x,Name,Quality,Difficulty,Would Take Again,Date,course_number,avg_quality,avg_difficulty
0,PHYS 2213,473,100,1895,22,259,63,47,SP19,PHYS,Alan Giambattista ,3,4,Yes,"May 23rd, 2020",2213,4.0,3.6
1,PHYS 2213,473,100,1895,22,259,63,47,SP19,PHYS,Alan Giambattista ,4,3,Yes,"Aug 14th, 2018",2213,4.0,3.6
2,PHYS 2213,473,100,1895,22,259,63,47,SP19,PHYS,Alan Giambattista ,4,4,Yes,"May 18th, 2018",2213,4.0,3.6
3,PHYS 2213,473,100,1895,22,259,63,47,SP19,PHYS,Alan Giambattista ,5,3,Yes,"May 28th, 2017",2213,4.0,3.6
4,PHYS 2213,473,100,1895,22,259,63,47,SP19,PHYS,Andre Leclair ,4,4,None,"Jan 30th, 2011",2213,4.0,3.6
5,PHYS 2213,472,100,2433,11,404,79,51,FA19,PHYS,Alan Giambattista ,3,4,Yes,"May 23rd, 2020",2213,4.0,3.6
6,PHYS 2213,472,100,2433,11,404,79,51,FA19,PHYS,Alan Giambattista ,4,3,Yes,"Aug 14th, 2018",2213,4.0,3.6
7,PHYS 2213,472,100,2433,11,404,79,51,FA19,PHYS,Alan Giambattista ,4,4,Yes,"May 18th, 2018",2213,4.0,3.6
8,PHYS 2213,472,100,2433,11,404,79,51,FA19,PHYS,Alan Giambattista ,5,3,Yes,"May 28th, 2017",2213,4.0,3.6
9,PHYS 2213,472,100,2433,11,404,79,51,FA19,PHYS,Andre Leclair ,4,4,None,"Jan 30th, 2011",2213,4.0,3.6
10,PHYS 2213,472,100,2433,11,404,79,51,FA19,PHYS,Alan Giambattista ,3,4,Yes,"May 23rd, 2020",2213,4.0,3.6
11,PHYS 2213,472,100,2433,11,404,79,51,FA19,PHYS,Alan Giambattista ,4,3,Yes,"Aug 14th, 2018",2213,4.0,3.6
12,PHYS 2213,472,100,2433,11,404,79,51,FA19,PHYS,Alan Giambattista ,4,4,Yes,"May 18th, 2018",2213,4.0,3.6
13,PHYS 2213,472,100,2433,11,404,79,51,FA19,PHYS,Alan Giambattista ,5,3,Yes,"May 28th, 2017",2213,4.0,3.6
14,PHYS 2213,472,100,2433,11,404,79,51,FA19,PHYS,Andre Leclair ,4,4,None,"Jan 30th, 2011",2213,4.0,3.6
15,PHYS 2213,472,100,2433,11,404,79,51,FA19,PHYS,Alan Giambattista ,3,4,Yes,"May 23rd, 2020",2213,4.0,3.6
16,PHYS 2213,472,100,2433,11,404,79,51,FA19,PHYS,Alan Giambattista ,4,3,Yes,"Aug 14th, 2018",2213,4.0,3.6
17,PHYS 2213,472,100,2433,11,404,79,51,FA19,PHYS,Alan Giambattista ,4,4,Yes,"May 18th, 2018",2213,4.0,3.6
18,PHYS 2213,472,100,2433,11,404,79,51,FA19,PHYS,Alan Giambattista ,5,3,Yes,"May 28th, 2017",2213,4.0,3.6
19,PHYS 2213,472,100,2433,11,404,79,51,FA19,PHYS,Andre Leclair ,4,4,None,"Jan 30th, 2011",2213,4.0,3.6
20,MATH 2930,390,99,1398,39,417,74,43,SP20,MATH,Alan Zehnder ,5,3,Yes,"Oct 9th, 2020",2930,3.7037037037037037,3.3333333333333335
21,MATH 2930,390,99,1398,39,417,74,43,SP20,MATH,Alan Zehnder ,5,3,Yes,"Oct 9th, 2020",2930,3.7037037037037037,3.3333333333333335
22,MATH 2930,390,99,1398,39,417,74,43,SP20,MATH,Alan Zehnder ,4,4,Yes,"May 13th, 2020",2930,3.7037037037037037,3.3333333333333335
23,MATH 2930,390,99,1398,39,417,74,43,SP20,MATH,Alan Zehnder ,1,4,No,"May 9th, 2020",2930,3.7037037037037037,3.3333333333333335
24,MATH 2930,390,99,1398,39,417,74,43,SP20,MATH,Alan Zehnder ,5,1,Yes,"Sep 30th, 2015",2930,3.7037037037037037,3.3333333333333335
25,MATH 2930,390,99,1398,39,417,74,43,SP20,MATH,Alan Zehnder ,4,1,Yes,"Feb 15th, 2014",2930,3.7037037037037037,3.3333333333333335
26,MATH 2930,390,99,1398,39,417,74,43,SP20,MATH,Alan Zehnder ,3,1,None,"Oct 14th, 2011",2930,3.7037037037037037,3.3333333333333335
27,MATH 2930,390,99,1398,39,417,74,43,SP20,MATH,Alex Townsend ,5,4,Yes,"Nov 10th, 2019",2930,3.7037037037037037,3.3333333333333335
28,MATH 2930,390,99,1398,39,417,74,43,SP20,MATH,Alex Townsend ,5,4,Yes,"Jun 6th, 2019",2930,3.7037037037037037,3.3333333333333335
29,MATH 2930,390,99,1398,39,417,74,43,SP20,MATH,Alex Townsend ,5,4,Yes,"Mar 16th, 2019",2930,3.7037037037037037,3.3333333333333335
30,MATH 2930,390,99,1398,39,417,74,43,SP20,MATH,Alex Townsend ,2,4,No,"Dec 21st, 2018",2930,3.7037037037037037,3.3333333333333335
31,MATH 2930,390,99,1398,39,417,74,43,SP20,MATH,Alex Townsend ,5,4,Yes,"Dec 17th, 2018",2930,3.7037037037037037,3.3333333333333335
32,MATH 2930,390,99,1398,39,417,74,43,SP20,MATH,Alex Townsend ,5,4,Yes,"Dec 15th, 2018",2930,3.7037037037037037,3.3333333333333335
33,MATH 2930,390,99,1398,39,417,74,43,SP20,MATH,Alex Townsend ,5,4,Yes,"Dec 14th, 2018",2930,3.7037037037037037,3.3333333333333335
34,MATH 2930,390,99,1398,39,417,74,43,SP20,MATH,Alex Townsend ,5,3,Yes,"Dec 12th, 2018",2930,3.7037037037037037,3.3333333333333335
35,MATH 2930,390,99,1398,39,417,74,43,SP20,MATH,Alex Townsend ,1,4,No,"Dec 11th, 2018",2930,3.7037037037037037,3.3333333333333335
36,MATH 2930,390,99,1398,39,417,74,43,SP20,MATH,Alex Townsend ,1,4,No,"Oct 19th, 2018",2930,3.7037037037037037,3.3333333333333335
37,MATH 2930,390,99,1398,39,417,74,43,SP20,MATH,Steven Strogatz ,1,4,No,"Jan 10th, 2020",2930,3.7037037037037037,3.3333333333333335
38,MATH 2930,390,99,1398,39,417,74,43,SP20,MATH,Steven Strogatz ,3,4,None,"Mar 4th, 2014",2930,3.7037037037037037,3.3333333333333335
39,MATH 2930,390,99,1398,39,417,74,43,SP20,MATH,Richard Rand ,5,3,Yes,"May 12th, 2019",2930,3.7037037037037037,3.3333333333333335
40,MATH 2930,390,99,1398,39,417,74,43,SP20,MATH,Richard Rand ,3,3,A,"Oct 14th, 2018",2930,3.7037037037037037,3.3333333333333335
41,MATH 2930,390,99,1398,39,417,74,43,SP20,MATH,Richard Rand ,3,4,Yes,"Jan 10th, 2018",2930,3.7037037037037037,3.3333333333333335
42,MATH 2930,390,99,1398,39,417,74,43,SP20,MATH,Richard Rand ,5,2,Yes,"Dec 20th, 2017",2930,3.7037037037037037,3.3333333333333335
43,MATH 2930,390,99,1398,39,417,74,43,SP20,MATH,Richard Rand ,5,3,Yes,"Dec 1st, 2017",2930,3.7037037037037037,3.3333333333333335
44,MATH 2930,390,99,1398,39,417,74,43,SP20,MATH,Richard Rand ,3,3,B,"Jun 5th, 2015",2930,3.7037037037037037,3.3333333333333335
45,MATH 2930,390,99,1398,39,417,74,43,SP20,MATH,Richard Rand ,4,4,Yes,"May 22nd, 2015",2930,3.7037037037037037,3.3333333333333335
46,MATH 2930,390,99,1398,39,417,74,43,SP20,MATH,Hadas Ritz ,2,4,No,"Dec 12th, 2019",2930,3.7037037037037037,3.3333333333333335
47,MATH 2930,745,98,3158,40,430,70,54,FA18,MATH,Alan Zehnder ,5,3,Yes,"Oct 9th, 2020",2930,3.7037037037037037,3.3333333333333335
48,MATH 2930,745,98,3158,40,430,70,54,FA18,MATH,Alan Zehnder ,5,3,Yes,"Oct 9th, 2020",2930,3.7037037037037037,3.3333333333333335
49,MATH 2930,745,98,3158,40,430,70,54,FA18,MATH,Alan Zehnder ,4,4,Yes,"May 13th, 2020",2930,3.7037037037037037,3.3333333333333335
50,MATH 2930,745,98,3158,40,430,70,54,FA18,MATH,Alan Zehnder ,1,4,No,"May 9th, 2020",2930,3.7037037037037037,3.3333333333333335
51,MATH 2930,745,98,3158,40,430,70,54,FA18,MATH,Alan Zehnder ,5,1,Yes,"Sep 30th, 2015",2930,3.7037037037037037,3.3333333333333335
52,MATH 2930,745,98,3158,40,430,70,54,FA18,MATH,Alan Zehnder ,4,1,Yes,"Feb 15th, 2014",2930,3.7037037037037037,3.3333333333333335
53,MATH 2930,745,98,3158,40,430,70,54,FA18,MATH,Alan Zehnder ,3,1,None,"Oct 14th, 2011",2930,3.7037037037037037,3.3333333333333335
54,MATH 2930,745,98,3158,40,430,70,54,FA18,MATH,Alex Townsend ,5,4,Yes,"Nov 10th, 2019",2930,3.7037037037037037,3.3333333333333335
55,MATH 2930,745,98,3158,40,430,70,54,FA18,MATH,Alex Townsend ,5,4,Yes,"Jun 6th, 2019",2930,3.7037037037037037,3.3333333333333335
56,MATH 2930,745,98,3158,40,430,70,54,FA18,MATH,Alex Townsend ,5,4,Yes,"Mar 16th, 2019",2930,3.7037037037037037,3.3333333333333335
57,MATH 2930,745,98,3158,40,430,70,54,FA18,MATH,Alex Townsend ,2,4,No,"Dec 21st, 2018",2930,3.7037037037037037,3.3333333333333335
58,MATH 2930,745,98,3158,40,430,70,54,FA18,MATH,Alex Townsend ,5,4,Yes,"Dec 17th, 2018",2930,3.7037037037037037,3.3333333333333335
59,MATH 2930,745,98,3158,40,430,70,54,FA18,MATH,Alex Townsend ,5,4,Yes,"Dec 15th, 2018",2930,3.7037037037037037,3.3333333333333335
60,MATH 2930,745,98,3158,40,430,70,54,FA18,MATH,Alex Townsend ,5,4,Yes,"Dec 14th, 2018",2930,3.7037037037037037,3.3333333333333335
61,MATH 2930,745,98,3158,40,430,70,54,FA18,MATH,Alex Townsend ,5,3,Yes,"Dec 12th, 2018",2930,3.7037037037037037,3.3333333333333335
62,MATH 2930,745,98,3158,40,430,70,54,FA18,MATH,Alex Townsend ,1,4,No,"Dec 11th, 2018",2930,3.7037037037037037,3.3333333333333335
63,MATH 2930,745,98,3158,40,430,70,54,FA18,MATH,Alex Townsend ,1,4,No,"Oct 19th, 2018",2930,3.7037037037037037,3.3333333333333335
64,MATH 2930,745,98,3158,40,430,70,54,FA18,MATH,Steven Strogatz ,1,4,No,"Jan 10th, 2020",2930,3.7037037037037037,3.3333333333333335
65,MATH 2930,745,98,3158,40,430,70,54,FA18,MATH,Steven Strogatz ,3,4,None,"Mar 4th, 2014",2930,3.7037037037037037,3.3333333333333335
66,MATH 2930,745,98,3158,40,430,70,54,FA18,MATH,Richard Rand ,5,3,Yes,"May 12th, 2019",2930,3.7037037037037037,3.3333333333333335
67,MATH 2930,745,98,3158,40,430,70,54,FA18,MATH,Richard Rand ,3,3,A,"Oct 14th, 2018",2930,3.7037037037037037,3.3333333333333335
68,MATH 2930,745,98,3158,40,430,70,54,FA18,MATH,Richard Rand ,3,4,Yes,"Jan 10th, 2018",2930,3.7037037037037037,3.3333333333333335
69,MATH 2930,745,98,3158,40,430,70,54,FA18,MATH,Richard Rand ,5,2,Yes,"Dec 20th, 2017",2930,3.7037037037037037,3.3333333333333335
70,MATH 2930,745,98,3158,40,430,70,54,FA18,MATH,Richard Rand ,5,3,Yes,"Dec 1st, 2017",2930,3.7037037037037037,3.3333333333333335
71,MATH 2930,745,98,3158,40,430,70,54,FA18,MATH,Richard Rand ,3,3,B,"Jun 5th, 2015",2930,3.7037037037037037,3.3333333333333335
72,MATH 2930,745,98,3158,40,430,70,54,FA18,MATH,Richard Rand ,4,4,Yes,"May 22nd, 2015",2930,3.7037037037037037,3.3333333333333335
73,MATH 2930,745,98,3158,40,430,70,54,FA18,MATH,Hadas Ritz ,2,4,No,"Dec 12th, 2019",2930,3.7037037037037037,3.3333333333333335
74,MATH 2930,173,98,558,25,36,92,89,SU20,MATH,Alan Zehnder ,5,3,Yes,"Oct 9th, 2020",2930,3.7037037037037037,3.3333333333333335
75,MATH 2930,173,98,558,25,36,92,89,SU20,MATH,Alan Zehnder ,5,3,Yes,"Oct 9th, 2020",2930,3.7037037037037037,3.3333333333333335
76,MATH 2930,173,98,558,25,36,92,89,SU20,MATH,Alan Zehnder ,4,4,Yes,"May 13th, 2020",2930,3.7037037037037037,3.3333333333333335
77,MATH 2930,173,98,558,25,36,92,89,SU20,MATH,Alan Zehnder ,1,4,No,"May 9th, 2020",2930,3.7037037037037037,3.3333333333333335
78,MATH 2930,173,98,558,25,36,92,89,SU20,MATH,Alan Zehnder ,5,1,Yes,"Sep 30th, 2015",2930,3.7037037037037037,3.3333333333333335
79,MATH 2930,173,98,558,25,36,92,89,SU20,MATH,Alan Zehnder ,4,1,Yes,"Feb 15th, 2014",2930,3.7037037037037037,3.3333333333333335
80,MATH 2930,173,98,558,25,36,92,89,SU20,MATH,Alan Zehnder ,3,1,None,"Oct 14th, 2011",2930,3.7037037037037037,3.3333333333333335
81,MATH 2930,173,98,558,25,36,92,89,SU20,MATH,Alex Townsend ,5,4,Yes,"Nov 10th, 2019",2930,3.7037037037037037,3.3333333333333335
82,MATH 2930,173,98,558,25,36,92,89,SU20,MATH,Alex Townsend ,5,4,Yes,"Jun 6th, 2019",2930,3.7037037037037037,3.3333333333333335
83,MATH 2930,173,98,558,25,36,92,89,SU20,MATH,Alex Townsend ,5,4,Yes,"Mar 16th, 2019",2930,3.7037037037037037,3.3333333333333335
84,MATH 2930,173,98,558,25,36,92,89,SU20,MATH,Alex Townsend ,2,4,No,"Dec 21st, 2018",2930,3.7037037037037037,3.3333333333333335
85,MATH 2930,173,98,558,25,36,92,89,SU20,MATH,Alex Townsend ,5,4,Yes,"Dec 17th, 2018",2930,3.7037037037037037,3.3333333333333335
86,MATH 2930,173,98,558,25,36,92,89,SU20,MATH,Alex Townsend ,5,4,Yes,"Dec 15th, 2018",2930,3.7037037037037037,3.3333333333333335
87,MATH 2930,173,98,558,25,36,92,89,SU20,MATH,Alex Townsend ,5,4,Yes,"Dec 14th, 2018",2930,3.7037037037037037,3.3333333333333335
88,MATH 2930,173,98,558,25,36,92,89,SU20,MATH,Alex Townsend ,5,3,Yes,"Dec 12th, 2018",2930,3.7037037037037037,3.3333333333333335
89,MATH 2930,173,98,558,25,36,92,89,SU20,MATH,Alex Townsend ,1,4,No,"Dec 11th, 2018",2930,3.7037037037037037,3.3333333333333335
90,MATH 2930,173,98,558,25,36,92,89,SU20,MATH,Alex Townsend ,1,4,No,"Oct 19th, 2018",2930,3.7037037037037037,3.3333333333333335
91,MATH 2930,173,98,558,25,36,92,89,SU20,MATH,Steven Strogatz ,1,4,No,"Jan 10th, 2020",2930,3.7037037037037037,3.3333333333333335
92,MATH 2930,173,98,558,25,36,92,89,SU20,MATH,Steven Strogatz ,3,4,None,"Mar 4th, 2014",2930,3.7037037037037037,3.3333333333333335
93,MATH 2930,173,98,558,25,36,92,89,SU20,MATH,Richard Rand ,5,3,Yes,"May 12th, 2019",2930,3.7037037037037037,3.3333333333333335
94,MATH 2930,173,98,558,25,36,92,89,SU20,MATH,Richard Rand ,3,3,A,"Oct 14th, 2018",2930,3.7037037037037037,3.3333333333333335
95,MATH 2930,173,98,558,25,36,92,89,SU20,MATH,Richard Rand ,3,4,Yes,"Jan 10th, 2018",2930,3.7037037037037037,3.3333333333333335
96,MATH 2930,173,98,558,25,36,92,89,SU20,MATH,Richard Rand ,5,2,Yes,"Dec 20th, 2017",2930,3.7037037037037037,3.3333333333333335
97,MATH 2930,173,98,558,25,36,92,89,SU20,MATH,Richard Rand ,5,3,Yes,"Dec 1st, 2017",2930,3.7037037037037037,3.3333333333333335
98,MATH 2930,173,98,558,25,36,92,89,SU20,MATH,Richard Rand ,3,3,B,"Jun 5th, 2015",2930,3.7037037037037037,3.3333333333333335
99,MATH 2930,173,98,558,25,36,92,89,SU20,MATH,Richard Rand ,4,4,Yes,"May 22nd, 2015",2930,3.7037037037037037,3.3333333333333335
100,MATH 2930,173,98,558,25,36,92,89,SU20,MATH,Hadas Ritz ,2,4,No,"Dec 12th, 2019",2930,3.7037037037037037,3.3333333333333335
101,MATH 2930,616,99,2029,43,403,64,47,SP19,MATH,Alan Zehnder ,5,3,Yes,"Oct 9th, 2020",2930,3.7037037037037037,3.3333333333333335
102,MATH 2930,616,99,2029,43,403,64,47,SP19,MATH,Alan Zehnder ,5,3,Yes,"Oct 9th, 2020",2930,3.7037037037037037,3.3333333333333335
103,MATH 2930,616,99,2029,43,403,64,47,SP19,MATH,Alan Zehnder ,4,4,Yes,"May 13th, 2020",2930,3.7037037037037037,3.3333333333333335
104,MATH 2930,616,99,2029,43,403,64,47,SP19,MATH,Alan Zehnder ,1,4,No,"May 9th, 2020",2930,3.7037037037037037,3.3333333333333335
105,MATH 2930,616,99,2029,43,403,64,47,SP19,MATH,Alan Zehnder ,5,1,Yes,"Sep 30th, 2015",2930,3.7037037037037037,3.3333333333333335
106,MATH 2930,616,99,2029,43,403,64,47,SP19,MATH,Alan Zehnder ,4,1,Yes,"Feb 15th, 2014",2930,3.7037037037037037,3.3333333333333335
107,MATH 2930,616,99,2029,43,403,64,47,SP19,MATH,Alan Zehnder ,3,1,None,"Oct 14th, 2011",2930,3.7037037037037037,3.3333333333333335
108,MATH 2930,616,99,2029,43,403,64,47,SP19,MATH,Alex Townsend ,5,4,Yes,"Nov 10th, 2019",2930,3.7037037037037037,3.3333333333333335
109,MATH 2930,616,99,2029,43,403,64,47,SP19,MATH,Alex Townsend ,5,4,Yes,"Jun 6th, 2019",2930,3.7037037037037037,3.3333333333333335
110,MATH 2930,616,99,2029,43,403,64,47,SP19,MATH,Alex Townsend ,5,4,Yes,"Mar 16th, 2019",2930,3.7037037037037037,3.3333333333333335
111,MATH 2930,616,99,2029,43,403,64,47,SP19,MATH,Alex Townsend ,2,4,No,"Dec 21st, 2018",2930,3.7037037037037037,3.3333333333333335
112,MATH 2930,616,99,2029,43,403,64,47,SP19,MATH,Alex Townsend ,5,4,Yes,"Dec 17th, 2018",2930,3.7037037037037037,3.3333333333333335
113,MATH 2930,616,99,2029,43,403,64,47,SP19,MATH,Alex Townsend ,5,4,Yes,"Dec 15th, 2018",2930,3.7037037037037037,3.3333333333333335
114,MATH 2930,616,99,2029,43,403,64,47,SP19,MATH,Alex Townsend ,5,4,Yes,"Dec 14th, 2018",2930,3.7037037037037037,3.3333333333333335
115,MATH 2930,616,99,2029,43,403,64,47,SP19,MATH,Alex Townsend ,5,3,Yes,"Dec 12th, 2018",2930,3.7037037037037037,3.3333333333333335
116,MATH 2930,616,99,2029,43,403,64,47,SP19,MATH,Alex Townsend ,1,4,No,"Dec 11th, 2018",2930,3.7037037037037037,3.3333333333333335
117,MATH 2930,616,99,2029,43,403,64,47,SP19,MATH,Alex Townsend ,1,4,No,"Oct 19th, 2018",2930,3.7037037037037037,3.3333333333333335
118,MATH 2930,616,99,2029,43,403,64,47,SP19,MATH,Steven Strogatz ,1,4,No,"Jan 10th, 2020",2930,3.7037037037037037,3.3333333333333335
119,MATH 2930,616,99,2029,43,403,64,47,SP19,MATH,Steven Strogatz ,3,4,None,"Mar 4th, 2014",2930,3.7037037037037037,3.3333333333333335
120,MATH 2930,616,99,2029,43,403,64,47,SP19,MATH,Richard Rand ,5,3,Yes,"May 12th, 2019",2930,3.7037037037037037,3.3333333333333335
121,MATH 2930,616,99,2029,43,403,64,47,SP19,MATH,Richard Rand ,3,3,A,"Oct 14th, 2018",2930,3.7037037037037037,3.3333333333333335
122,MATH 2930,616,99,2029,43,403,64,47,SP19,MATH,Richard Rand ,3,4,Yes,"Jan 10th, 2018",2930,3.7037037037037037,3.3333333333333335
123,MATH 2930,616,99,2029,43,403,64,47,SP19,MATH,Richard Rand ,5,2,Yes,"Dec 20th, 2017",2930,3.7037037037037037,3.3333333333333335
124,MATH 2930,616,99,2029,43,403,64,47,SP19,MATH,Richard Rand ,5,3,Yes,"Dec 1st, 2017",2930,3.7037037037037037,3.3333333333333335
125,MATH 2930,616,99,2029,43,403,64,47,SP19,MATH,Richard Rand ,3,3,B,"Jun 5th, 2015",2930,3.7037037037037037,3.3333333333333335
126,MATH 2930,616,99,2029,43,403,64,47,SP19,MATH,Richard Rand ,4,4,Yes,"May 22nd, 2015",2930,3.7037037037037037,3.3333333333333335
127,MATH 2930,616,99,2029,43,403,64,47,SP19,MATH,Hadas Ritz ,2,4,No,"Dec 12th, 2019",2930,3.7037037037037037,3.3333333333333335
128,MATH 2930,429,97,1658,54,410,59,43,FA19,MATH,Alan Zehnder ,5,3,Yes,"Oct 9th, 2020",2930,3.7037037037037037,3.3333333333333335
129,MATH 2930,429,97,1658,54,410,59,43,FA19,MATH,Alan Zehnder ,5,3,Yes,"Oct 9th, 2020",2930,3.7037037037037037,3.3333333333333335
130,MATH 2930,429,97,1658,54,410,59,43,FA19,MATH,Alan Zehnder ,4,4,Yes,"May 13th, 2020",2930,3.7037037037037037,3.3333333333333335
131,MATH 2930,429,97,1658,54,410,59,43,FA19,MATH,Alan Zehnder ,1,4,No,"May 9th, 2020",2930,3.7037037037037037,3.3333333333333335
132,MATH 2930,429,97,1658,54,410,59,43,FA19,MATH,Alan Zehnder ,5,1,Yes,"Sep 30th, 2015",2930,3.7037037037037037,3.3333333333333335
133,MATH 2930,429,97,1658,54,410,59,43,FA19,MATH,Alan Zehnder ,4,1,Yes,"Feb 15th, 2014",2930,3.7037037037037037,3.3333333333333335
134,MATH 2930,429,97,1658,54,410,59,43,FA19,MATH,Alan Zehnder ,3,1,None,"Oct 14th, 2011",2930,3.7037037037037037,3.3333333333333335
135,MATH 2930,429,97,1658,54,410,59,43,FA19,MATH,Alex Townsend ,5,4,Yes,"Nov 10th, 2019",2930,3.7037037037037037,3.3333333333333335
136,MATH 2930,429,97,1658,54,410,59,43,FA19,MATH,Alex Townsend ,5,4,Yes,"Jun 6th, 2019",2930,3.7037037037037037,3.3333333333333335
137,MATH 2930,429,97,1658,54,410,59,43,FA19,MATH,Alex Townsend ,5,4,Yes,"Mar 16th, 2019",2930,3.7037037037037037,3.3333333333333335
138,MATH 2930,429,97,1658,54,410,59,43,FA19,MATH,Alex Townsend ,2,4,No,"Dec 21st, 2018",2930,3.7037037037037037,3.3333333333333335
139,MATH 2930,429,97,1658,54,410,59,43,FA19,MATH,Alex Townsend ,5,4,Yes,"Dec 17th, 2018",2930,3.7037037037037037,3.3333333333333335
140,MATH 2930,429,97,1658,54,410,59,43,FA19,MATH,Alex Townsend ,5,4,Yes,"Dec 15th, 2018",2930,3.7037037037037037,3.3333333333333335
141,MATH 2930,429,97,1658,54,410,59,43,FA19,MATH,Alex Townsend ,5,4,Yes,"Dec 14th, 2018",2930,3.7037037037037037,3.3333333333333335
142,MATH 2930,429,97,1658,54,410,59,43,FA19,MATH,Alex Townsend ,5,3,Yes,"Dec 12th, 2018",2930,3.7037037037037037,3.3333333333333335
143,MATH 2930,429,97,1658,54,410,59,43,FA19,MATH,Alex Townsend ,1,4,No,"Dec 11th, 2018",2930,3.7037037037037037,3.3333333333333335
144,MATH 2930,429,97,1658,54,410,59,43,FA19,MATH,Alex Townsend ,1,4,No,"Oct 19th, 2018",2930,3.7037037037037037,3.3333333333333335
145,MATH 2930,429,97,1658,54,410,59,43,FA19,MATH,Steven Strogatz ,1,4,No,"Jan 10th, 2020",2930,3.7037037037037037,3.3333333333333335
146,MATH 2930,429,97,1658,54,410,59,43,FA19,MATH,Steven Strogatz ,3,4,None,"Mar 4th, 2014",2930,3.7037037037037037,3.3333333333333335
147,MATH 2930,429,97,1658,54,410,59,43,FA19,MATH,Richard Rand ,5,3,Yes,"May 12th, 2019",2930,3.7037037037037037,3.3333333333333335
148,MATH 2930,429,97,1658,54,410,59,43,FA19,MATH,Richard Rand ,3,3,A,"Oct 14th, 2018",2930,3.7037037037037037,3.3333333333333335
149,MATH 2930,429,97,1658,54,410,59,43,FA19,MATH,Richard Rand ,3,4,Yes,"Jan 10th, 2018",2930,3.7037037037037037,3.3333333333333335
150,MATH 2930,429,97,1658,54,410,59,43,FA19,MATH,Richard Rand ,5,2,Yes,"Dec 20th, 2017",2930,3.7037037037037037,3.3333333333333335
151,MATH 2930,429,97,1658,54,410,59,43,FA19,MATH,Richard Rand ,5,3,Yes,"Dec 1st, 2017",2930,3.7037037037037037,3.3333333333333335
152,MATH 2930,429,97,1658,54,410,59,43,FA19,MATH,Richard Rand ,3,3,B,"Jun 5th, 2015",2930,3.7037037037037037,3.3333333333333335
153,MATH 2930,429,97,1658,54,410,59,43,FA19,MATH,Richard Rand ,4,4,Yes,"May 22nd, 2015",2930,3.7037037037037037,3.3333333333333335
154,MATH 2930,429,97,1658,54,410,59,43,FA19,MATH,Hadas Ritz ,2,4,No,"Dec 12th, 2019",2930,3.7037037037037037,3.3333333333333335
155,MATH 1920,323,100,1281,49,543,74,31,FA18,MATH,Reyer Sjamaar ,5,3,Yes,"Dec 3rd, 2020",1920,3.4444444444444446,3.6666666666666665
156,MATH 1920,323,100,1281,49,543,74,31,FA18,MATH,Reyer Sjamaar ,1,4,No,"Feb 14th, 2019",1920,3.4444444444444446,3.6666666666666665
157,MATH 1920,323,100,1281,49,543,74,31,FA18,MATH,Reyer Sjamaar ,4,4,Yes,"Dec 14th, 2018",1920,3.4444444444444446,3.6666666666666665
158,MATH 1920,323,100,1281,49,543,74,31,FA18,MATH,Reyer Sjamaar ,3,4,No,"Nov 26th, 2018",1920,3.4444444444444446,3.6666666666666665
159,MATH 1920,323,100,1281,49,543,74,31,FA18,MATH,Reyer Sjamaar ,4,4,Yes,"Nov 16th, 2018",1920,3.4444444444444446,3.6666666666666665
160,MATH 1920,323,100,1281,49,543,74,31,FA18,MATH,Reyer Sjamaar ,4,4,B+,"Aug 17th, 2018",1920,3.4444444444444446,3.6666666666666665
161,MATH 1920,323,100,1281,49,543,74,31,FA18,MATH,Reyer Sjamaar ,4,3,Yes,"Jan 25th, 2018",1920,3.4444444444444446,3.6666666666666665
162,MATH 1920,323,100,1281,49,543,74,31,FA18,MATH,Reyer Sjamaar ,2,4,No,"Jan 25th, 2018",1920,3.4444444444444446,3.6666666666666665
163,MATH 1920,323,100,1281,49,543,74,31,FA18,MATH,Reyer Sjamaar ,4,3,Yes,"Dec 1st, 2017",1920,3.4444444444444446,3.6666666666666665
164,CS 2800,1198,97,4700,20,419,85,60,SP19,CS,Michael George ,1,5,No,"Dec 10th, 2020",2800,3.1052631578947367,4.157894736842105
165,CS 2800,1198,97,4700,20,419,85,60,SP19,CS,Michael George ,4,3,Yes,"Dec 3rd, 2020",2800,3.1052631578947367,4.157894736842105
166,CS 2800,1198,97,4700,20,419,85,60,SP19,CS,Michael George ,4,4,Yes,"May 23rd, 2020",2800,3.1052631578947367,4.157894736842105
167,CS 2800,1198,97,4700,20,419,85,60,SP19,CS,Michael George ,5,4,Yes,"May 16th, 2020",2800,3.1052631578947367,4.157894736842105
168,CS 2800,1198,97,4700,20,419,85,60,SP19,CS,Michael George ,1,5,No,"Apr 18th, 2020",2800,3.1052631578947367,4.157894736842105
169,CS 2800,1198,97,4700,20,419,85,60,SP19,CS,Michael George ,4,3,Yes,"Jan 23rd, 2020",2800,3.1052631578947367,4.157894736842105
170,CS 2800,1198,97,4700,20,419,85,60,SP19,CS,Michael George ,1,5,No,"Jan 23rd, 2020",2800,3.1052631578947367,4.157894736842105
171,CS 2800,1198,97,4700,20,419,85,60,SP19,CS,Michael George ,1,5,No,"Sep 4th, 2019",2800,3.1052631578947367,4.157894736842105
172,CS 2800,1198,97,4700,20,419,85,60,SP19,CS,Michael George ,4,4,Yes,"May 19th, 2019",2800,3.1052631578947367,4.157894736842105
173,CS 2800,1198,97,4700,20,419,85,60,SP19,CS,Michael George ,3,5,No,"May 7th, 2019",2800,3.1052631578947367,4.157894736842105
174,CS 2800,1198,97,4700,20,419,85,60,SP19,CS,Michael George ,3,5,No,"Dec 15th, 2018",2800,3.1052631578947367,4.157894736842105
175,CS 2800,1198,97,4700,20,419,85,60,SP19,CS,Michael George ,2,5,No,"Oct 15th, 2018",2800,3.1052631578947367,4.157894736842105
176,CS 2800,1198,97,4700,20,419,85,60,SP19,CS,Michael George ,5,4,No,"Aug 31st, 2018",2800,3.1052631578947367,4.157894736842105
177,CS 2800,1198,97,4700,20,419,85,60,SP19,CS,Michael George ,5,3,Yes,"Aug 20th, 2018",2800,3.1052631578947367,4.157894736842105
178,CS 2800,1198,97,4700,20,419,85,60,SP19,CS,Michael George ,4,4,Yes,"May 26th, 2018",2800,3.1052631578947367,4.157894736842105
179,CS 2800,1198,97,4700,20,419,85,60,SP19,CS,Michael George ,5,3,Yes,"May 25th, 2018",2800,3.1052631578947367,4.157894736842105
180,CS 2800,1198,97,4700,20,419,85,60,SP19,CS,Michael George ,1,4,No,"May 19th, 2018",2800,3.1052631578947367,4.157894736842105
181,CS 2800,1198,97,4700,20,419,85,60,SP19,CS,Michael George ,5,3,Yes,"May 12th, 2018",2800,3.1052631578947367,4.157894736842105
182,CS 2800,1198,97,4700,20,419,85,60,SP19,CS,Michael George ,1,5,No,"May 1st, 2018",2800,3.1052631578947367,4.157894736842105
183,CS 2800,1554,96,4808,37,396,85,72,SP20,CS,Michael George ,1,5,No,"Dec 10th, 2020",2800,3.1052631578947367,4.157894736842105
184,CS 2800,1554,96,4808,37,396,85,72,SP20,CS,Michael George ,4,3,Yes,"Dec 3rd, 2020",2800,3.1052631578947367,4.157894736842105
185,CS 2800,1554,96,4808,37,396,85,72,SP20,CS,Michael George ,4,4,Yes,"May 23rd, 2020",2800,3.1052631578947367,4.157894736842105
186,CS 2800,1554,96,4808,37,396,85,72,SP20,CS,Michael George ,5,4,Yes,"May 16th, 2020",2800,3.1052631578947367,4.157894736842105
187,CS 2800,1554,96,4808,37,396,85,72,SP20,CS,Michael George ,1,5,No,"Apr 18th, 2020",2800,3.1052631578947367,4.157894736842105
188,CS 2800,1554,96,4808,37,396,85,72,SP20,CS,Michael George ,4,3,Yes,"Jan 23rd, 2020",2800,3.1052631578947367,4.157894736842105
189,CS 2800,1554,96,4808,37,396,85,72,SP20,CS,Michael George ,1,5,No,"Jan 23rd, 2020",2800,3.1052631578947367,4.157894736842105
190,CS 2800,1554,96,4808,37,396,85,72,SP20,CS,Michael George ,1,5,No,"Sep 4th, 2019",2800,3.1052631578947367,4.157894736842105
191,CS 2800,1554,96,4808,37,396,85,72,SP20,CS,Michael George ,4,4,Yes,"May 19th, 2019",2800,3.1052631578947367,4.157894736842105
192,CS 2800,1554,96,4808,37,396,85,72,SP20,CS,Michael George ,3,5,No,"May 7th, 2019",2800,3.1052631578947367,4.157894736842105
193,CS 2800,1554,96,4808,37,396,85,72,SP20,CS,Michael George ,3,5,No,"Dec 15th, 2018",2800,3.1052631578947367,4.157894736842105
194,CS 2800,1554,96,4808,37,396,85,72,SP20,CS,Michael George ,2,5,No,"Oct 15th, 2018",2800,3.1052631578947367,4.157894736842105
195,CS 2800,1554,96,4808,37,396,85,72,SP20,CS,Michael George ,5,4,No,"Aug 31st, 2018",2800,3.1052631578947367,4.157894736842105
196,CS 2800,1554,96,4808,37,396,85,72,SP20,CS,Michael George ,5,3,Yes,"Aug 20th, 2018",2800,3.1052631578947367,4.157894736842105
197,CS 2800,1554,96,4808,37,396,85,72,SP20,CS,Michael George ,4,4,Yes,"May 26th, 2018",2800,3.1052631578947367,4.157894736842105
198,CS 2800,1554,96,4808,37,396,85,72,SP20,CS,Michael George ,5,3,Yes,"May 25th, 2018",2800,3.1052631578947367,4.157894736842105
199,CS 2800,1554,96,4808,37,396,85,72,SP20,CS,Michael George ,1,4,No,"May 19th, 2018",2800,3.1052631578947367,4.157894736842105
200,CS 2800,1554,96,4808,37,396,85,72,SP20,CS,Michael George ,5,3,Yes,"May 12th, 2018",2800,3.1052631578947367,4.157894736842105
201,CS 2800,1554,96,4808,37,396,85,72,SP20,CS,Michael George ,1,5,No,"May 1st, 2018",2800,3.1052631578947367,4.157894736842105
202,CS 2800,1058,100,6008,9,417,77,63,FA18,CS,Michael George ,1,5,No,"Dec 10th, 2020",2800,3.1052631578947367,4.157894736842105
203,CS 2800,1058,100,6008,9,417,77,63,FA18,CS,Michael George ,4,3,Yes,"Dec 3rd, 2020",2800,3.1052631578947367,4.157894736842105
204,CS 2800,1058,100,6008,9,417,77,63,FA18,CS,Michael George ,4,4,Yes,"May 23rd, 2020",2800,3.1052631578947367,4.157894736842105
205,CS 2800,1058,100,6008,9,417,77,63,FA18,CS,Michael George ,5,4,Yes,"May 16th, 2020",2800,3.1052631578947367,4.157894736842105
206,CS 2800,1058,100,6008,9,417,77,63,FA18,CS,Michael George ,1,5,No,"Apr 18th, 2020",2800,3.1052631578947367,4.157894736842105
207,CS 2800,1058,100,6008,9,417,77,63,FA18,CS,Michael George ,4,3,Yes,"Jan 23rd, 2020",2800,3.1052631578947367,4.157894736842105
208,CS 2800,1058,100,6008,9,417,77,63,FA18,CS,Michael George ,1,5,No,"Jan 23rd, 2020",2800,3.1052631578947367,4.157894736842105
209,CS 2800,1058,100,6008,9,417,77,63,FA18,CS,Michael George ,1,5,No,"Sep 4th, 2019",2800,3.1052631578947367,4.157894736842105
210,CS 2800,1058,100,6008,9,417,77,63,FA18,CS,Michael George ,4,4,Yes,"May 19th, 2019",2800,3.1052631578947367,4.157894736842105
211,CS 2800,1058,100,6008,9,417,77,63,FA18,CS,Michael George ,3,5,No,"May 7th, 2019",2800,3.1052631578947367,4.157894736842105
212,CS 2800,1058,100,6008,9,417,77,63,FA18,CS,Michael George ,3,5,No,"Dec 15th, 2018",2800,3.1052631578947367,4.157894736842105
213,CS 2800,1058,100,6008,9,417,77,63,FA18,CS,Michael George ,2,5,No,"Oct 15th, 2018",2800,3.1052631578947367,4.157894736842105
214,CS 2800,1058,100,6008,9,417,77,63,FA18,CS,Michael George ,5,4,No,"Aug 31st, 2018",2800,3.1052631578947367,4.157894736842105
215,CS 2800,1058,100,6008,9,417,77,63,FA18,CS,Michael George ,5,3,Yes,"Aug 20th, 2018",2800,3.1052631578947367,4.157894736842105
216,CS 2800,1058,100,6008,9,417,77,63,FA18,CS,Michael George ,4,4,Yes,"May 26th, 2018",2800,3.1052631578947367,4.157894736842105
217,CS 2800,1058,100,6008,9,417,77,63,FA18,CS,Michael George ,5,3,Yes,"May 25th, 2018",2800,3.1052631578947367,4.157894736842105
218,CS 2800,1058,100,6008,9,417,77,63,FA18,CS,Michael George ,1,4,No,"May 19th, 2018",2800,3.1052631578947367,4.157894736842105
219,CS 2800,1058,100,6008,9,417,77,63,FA18,CS,Michael George ,5,3,Yes,"May 12th, 2018",2800,3.1052631578947367,4.157894736842105
220,CS 2800,1058,100,6008,9,417,77,63,FA18,CS,Michael George ,1,5,No,"May 1st, 2018",2800,3.1052631578947367,4.157894736842105
221,CS 2110,1231,100,5196,9,618,86,57,FA18,CS,David Gries ,5,3,Yes,"May 23rd, 2020",2110,3.869565217391304,3.1739130434782608
222,CS 2110,1231,100,5196,9,618,86,57,FA18,CS,David Gries ,5,4,Yes,"May 22nd, 2020",2110,3.869565217391304,3.1739130434782608
223,CS 2110,1231,100,5196,9,618,86,57,FA18,CS,David Gries ,5,3,Yes,"Mar 12th, 2020",2110,3.869565217391304,3.1739130434782608
224,CS 2110,1231,100,5196,9,618,86,57,FA18,CS,David Gries ,1,4,No,"Nov 19th, 2019",2110,3.869565217391304,3.1739130434782608
225,CS 2110,1231,100,5196,9,618,86,57,FA18,CS,David Gries ,4,3,Yes,"Jul 23rd, 2019",2110,3.869565217391304,3.1739130434782608
226,CS 2110,1231,100,5196,9,618,86,57,FA18,CS,David Gries ,1,3,No,"Jun 4th, 2019",2110,3.869565217391304,3.1739130434782608
227,CS 2110,1231,100,5196,9,618,86,57,FA18,CS,David Gries ,4,3,Yes,"Jan 24th, 2019",2110,3.869565217391304,3.1739130434782608
228,CS 2110,1231,100,5196,9,618,86,57,FA18,CS,David Gries ,5,3,Yes,"Jan 12th, 2019",2110,3.869565217391304,3.1739130434782608
229,CS 2110,1231,100,5196,9,618,86,57,FA18,CS,David Gries ,4,4,Yes,"Dec 15th, 2018",2110,3.869565217391304,3.1739130434782608
230,CS 2110,1231,100,5196,9,618,86,57,FA18,CS,David Gries ,3,3,No,"Nov 19th, 2018",2110,3.869565217391304,3.1739130434782608
231,CS 2110,1231,100,5196,9,618,86,57,FA18,CS,David Gries ,1,3,A-,"Feb 21st, 2018",2110,3.869565217391304,3.1739130434782608
232,CS 2110,1231,100,5196,9,618,86,57,FA18,CS,David Gries ,5,3,Yes,"Dec 28th, 2017",2110,3.869565217391304,3.1739130434782608
233,CS 2110,1231,100,5196,9,618,86,57,FA18,CS,David Gries ,4,3,No,"Nov 28th, 2017",2110,3.869565217391304,3.1739130434782608
234,CS 2110,1231,100,5196,9,618,86,57,FA18,CS,David Gries ,5,3,Yes,"Aug 18th, 2017",2110,3.869565217391304,3.1739130434782608
235,CS 2110,1231,100,5196,9,618,86,57,FA18,CS,David Gries ,3,3,Yes,"May 15th, 2017",2110,3.869565217391304,3.1739130434782608
236,CS 2110,1231,100,5196,9,618,86,57,FA18,CS,David Gries ,4,3,Yes,"Apr 25th, 2017",2110,3.869565217391304,3.1739130434782608
237,CS 2110,1231,100,5196,9,618,86,57,FA18,CS,David Gries ,1,4,No,"Apr 5th, 2017",2110,3.869565217391304,3.1739130434782608
238,CS 2110,1231,100,5196,9,618,86,57,FA18,CS,David Gries ,5,2,Yes,"Dec 25th, 2016",2110,3.869565217391304,3.1739130434782608
239,CS 2110,1231,100,5196,9,618,86,57,FA18,CS,David Gries ,5,4,Yes,"Dec 20th, 2016",2110,3.869565217391304,3.1739130434782608
240,CS 2110,1231,100,5196,9,618,86,57,FA18,CS,David Gries ,5,3,Yes,"Nov 6th, 2016",2110,3.869565217391304,3.1739130434782608
241,CS 2110,1231,100,5196,9,618,86,57,FA18,CS,Michael Clarkson ,5,2,Yes,"Aug 16th, 2020",2110,3.869565217391304,3.1739130434782608
242,CS 2110,1231,100,5196,9,618,86,57,FA18,CS,Michael Clarkson ,4,3,Yes,"May 23rd, 2020",2110,3.869565217391304,3.1739130434782608
243,CS 2110,1231,100,5196,9,618,86,57,FA18,CS,Michael Clarkson ,5,4,Yes,"Apr 7th, 2020",2110,3.869565217391304,3.1739130434782608
244,CS 2110,2147,100,11442,3,721,91,58,SP19,CS,David Gries ,5,3,Yes,"May 23rd, 2020",2110,3.869565217391304,3.1739130434782608
245,CS 2110,2147,100,11442,3,721,91,58,SP19,CS,David Gries ,5,4,Yes,"May 22nd, 2020",2110,3.869565217391304,3.1739130434782608
246,CS 2110,2147,100,11442,3,721,91,58,SP19,CS,David Gries ,5,3,Yes,"Mar 12th, 2020",2110,3.869565217391304,3.1739130434782608
247,CS 2110,2147,100,11442,3,721,91,58,SP19,CS,David Gries ,1,4,No,"Nov 19th, 2019",2110,3.869565217391304,3.1739130434782608
248,CS 2110,2147,100,11442,3,721,91,58,SP19,CS,David Gries ,4,3,Yes,"Jul 23rd, 2019",2110,3.869565217391304,3.1739130434782608
249,CS 2110,2147,100,11442,3,721,91,58,SP19,CS,David Gries ,1,3,No,"Jun 4th, 2019",2110,3.869565217391304,3.1739130434782608
250,CS 2110,2147,100,11442,3,721,91,58,SP19,CS,David Gries ,4,3,Yes,"Jan 24th, 2019",2110,3.869565217391304,3.1739130434782608
251,CS 2110,2147,100,11442,3,721,91,58,SP19,CS,David Gries ,5,3,Yes,"Jan 12th, 2019",2110,3.869565217391304,3.1739130434782608
252,CS 2110,2147,100,11442,3,721,91,58,SP19,CS,David Gries ,4,4,Yes,"Dec 15th, 2018",2110,3.869565217391304,3.1739130434782608
253,CS 2110,2147,100,11442,3,721,91,58,SP19,CS,David Gries ,3,3,No,"Nov 19th, 2018",2110,3.869565217391304,3.1739130434782608
254,CS 2110,2147,100,11442,3,721,91,58,SP19,CS,David Gries ,1,3,A-,"Feb 21st, 2018",2110,3.869565217391304,3.1739130434782608
255,CS 2110,2147,100,11442,3,721,91,58,SP19,CS,David Gries ,5,3,Yes,"Dec 28th, 2017",2110,3.869565217391304,3.1739130434782608
256,CS 2110,2147,100,11442,3,721,91,58,SP19,CS,David Gries ,4,3,No,"Nov 28th, 2017",2110,3.869565217391304,3.1739130434782608
257,CS 2110,2147,100,11442,3,721,91,58,SP19,CS,David Gries ,5,3,Yes,"Aug 18th, 2017",2110,3.869565217391304,3.1739130434782608
258,CS 2110,2147,100,11442,3,721,91,58,SP19,CS,David Gries ,3,3,Yes,"May 15th, 2017",2110,3.869565217391304,3.1739130434782608
259,CS 2110,2147,100,11442,3,721,91,58,SP19,CS,David Gries ,4,3,Yes,"Apr 25th, 2017",2110,3.869565217391304,3.1739130434782608
260,CS 2110,2147,100,11442,3,721,91,58,SP19,CS,David Gries ,1,4,No,"Apr 5th, 2017",2110,3.869565217391304,3.1739130434782608
261,CS 2110,2147,100,11442,3,721,91,58,SP19,CS,David Gries ,5,2,Yes,"Dec 25th, 2016",2110,3.869565217391304,3.1739130434782608
262,CS 2110,2147,100,11442,3,721,91,58,SP19,CS,David Gries ,5,4,Yes,"Dec 20th, 2016",2110,3.869565217391304,3.1739130434782608
263,CS 2110,2147,100,11442,3,721,91,58,SP19,CS,David Gries ,5,3,Yes,"Nov 6th, 2016",2110,3.869565217391304,3.1739130434782608
264,CS 2110,2147,100,11442,3,721,91,58,SP19,CS,Michael Clarkson ,5,2,Yes,"Aug 16th, 2020",2110,3.869565217391304,3.1739130434782608
265,CS 2110,2147,100,11442,3,721,91,58,SP19,CS,Michael Clarkson ,4,3,Yes,"May 23rd, 2020",2110,3.869565217391304,3.1739130434782608
266,CS 2110,2147,100,11442,3,721,91,58,SP19,CS,Michael Clarkson ,5,4,Yes,"Apr 7th, 2020",2110,3.869565217391304,3.1739130434782608
267,CS 2110,1524,100,5754,4,590,74,57,FA19,CS,David Gries ,5,3,Yes,"May 23rd, 2020",2110,3.869565217391304,3.1739130434782608
268,CS 2110,1524,100,5754,4,590,74,57,FA19,CS,David Gries ,5,4,Yes,"May 22nd, 2020",2110,3.869565217391304,3.1739130434782608
269,CS 2110,1524,100,5754,4,590,74,57,FA19,CS,David Gries ,5,3,Yes,"Mar 12th, 2020",2110,3.869565217391304,3.1739130434782608
270,CS 2110,1524,100,5754,4,590,74,57,FA19,CS,David Gries ,1,4,No,"Nov 19th, 2019",2110,3.869565217391304,3.1739130434782608
271,CS 2110,1524,100,5754,4,590,74,57,FA19,CS,David Gries ,4,3,Yes,"Jul 23rd, 2019",2110,3.869565217391304,3.1739130434782608
272,CS 2110,1524,100,5754,4,590,74,57,FA19,CS,David Gries ,1,3,No,"Jun 4th, 2019",2110,3.869565217391304,3.1739130434782608
273,CS 2110,1524,100,5754,4,590,74,57,FA19,CS,David Gries ,4,3,Yes,"Jan 24th, 2019",2110,3.869565217391304,3.1739130434782608
274,CS 2110,1524,100,5754,4,590,74,57,FA19,CS,David Gries ,5,3,Yes,"Jan 12th, 2019",2110,3.869565217391304,3.1739130434782608
275,CS 2110,1524,100,5754,4,590,74,57,FA19,CS,David Gries ,4,4,Yes,"Dec 15th, 2018",2110,3.869565217391304,3.1739130434782608
276,CS 2110,1524,100,5754,4,590,74,57,FA19,CS,David Gries ,3,3,No,"Nov 19th, 2018",2110,3.869565217391304,3.1739130434782608
277,CS 2110,1524,100,5754,4,590,74,57,FA19,CS,David Gries ,1,3,A-,"Feb 21st, 2018",2110,3.869565217391304,3.1739130434782608
278,CS 2110,1524,100,5754,4,590,74,57,FA19,CS,David Gries ,5,3,Yes,"Dec 28th, 2017",2110,3.869565217391304,3.1739130434782608
279,CS 2110,1524,100,5754,4,590,74,57,FA19,CS,David Gries ,4,3,No,"Nov 28th, 2017",2110,3.869565217391304,3.1739130434782608
280,CS 2110,1524,100,5754,4,590,74,57,FA19,CS,David Gries ,5,3,Yes,"Aug 18th, 2017",2110,3.869565217391304,3.1739130434782608
281,CS 2110,1524,100,5754,4,590,74,57,FA19,CS,David Gries ,3,3,Yes,"May 15th, 2017",2110,3.869565217391304,3.1739130434782608
282,CS 2110,1524,100,5754,4,590,74,57,FA19,CS,David Gries ,4,3,Yes,"Apr 25th, 2017",2110,3.869565217391304,3.1739130434782608
283,CS 2110,1524,100,5754,4,590,74,57,FA19,CS,David Gries ,1,4,No,"Apr 5th, 2017",2110,3.869565217391304,3.1739130434782608
284,CS 2110,1524,100,5754,4,590,74,57,FA19,CS,David Gries ,5,2,Yes,"Dec 25th, 2016",2110,3.869565217391304,3.1739130434782608
285,CS 2110,1524,100,5754,4,590,74,57,FA19,CS,David Gries ,5,4,Yes,"Dec 20th, 2016",2110,3.869565217391304,3.1739130434782608
286,CS 2110,1524,100,5754,4,590,74,57,FA19,CS,David Gries ,5,3,Yes,"Nov 6th, 2016",2110,3.869565217391304,3.1739130434782608
287,CS 2110,1524,100,5754,4,590,74,57,FA19,CS,Michael Clarkson ,5,2,Yes,"Aug 16th, 2020",2110,3.869565217391304,3.1739130434782608
288,CS 2110,1524,100,5754,4,590,74,57,FA19,CS,Michael Clarkson ,4,3,Yes,"May 23rd, 2020",2110,3.869565217391304,3.1739130434782608
289,CS 2110,1524,100,5754,4,590,74,57,FA19,CS,Michael Clarkson ,5,4,Yes,"Apr 7th, 2020",2110,3.869565217391304,3.1739130434782608
290,CS 2110,2216,100,14115,1,667,99,69,SP20,CS,David Gries ,5,3,Yes,"May 23rd, 2020",2110,3.869565217391304,3.1739130434782608
291,CS 2110,2216,100,14115,1,667,99,69,SP20,CS,David Gries ,5,4,Yes,"May 22nd, 2020",2110,3.869565217391304,3.1739130434782608
292,CS 2110,2216,100,14115,1,667,99,69,SP20,CS,David Gries ,5,3,Yes,"Mar 12th, 2020",2110,3.869565217391304,3.1739130434782608
293,CS 2110,2216,100,14115,1,667,99,69,SP20,CS,David Gries ,1,4,No,"Nov 19th, 2019",2110,3.869565217391304,3.1739130434782608
294,CS 2110,2216,100,14115,1,667,99,69,SP20,CS,David Gries ,4,3,Yes,"Jul 23rd, 2019",2110,3.869565217391304,3.1739130434782608
295,CS 2110,2216,100,14115,1,667,99,69,SP20,CS,David Gries ,1,3,No,"Jun 4th, 2019",2110,3.869565217391304,3.1739130434782608
296,CS 2110,2216,100,14115,1,667,99,69,SP20,CS,David Gries ,4,3,Yes,"Jan 24th, 2019",2110,3.869565217391304,3.1739130434782608
297,CS 2110,2216,100,14115,1,667,99,69,SP20,CS,David Gries ,5,3,Yes,"Jan 12th, 2019",2110,3.869565217391304,3.1739130434782608
298,CS 2110,2216,100,14115,1,667,99,69,SP20,CS,David Gries ,4,4,Yes,"Dec 15th, 2018",2110,3.869565217391304,3.1739130434782608
299,CS 2110,2216,100,14115,1,667,99,69,SP20,CS,David Gries ,3,3,No,"Nov 19th, 2018",2110,3.869565217391304,3.1739130434782608
300,CS 2110,2216,100,14115,1,667,99,69,SP20,CS,David Gries ,1,3,A-,"Feb 21st, 2018",2110,3.869565217391304,3.1739130434782608
301,CS 2110,2216,100,14115,1,667,99,69,SP20,CS,David Gries ,5,3,Yes,"Dec 28th, 2017",2110,3.869565217391304,3.1739130434782608
302,CS 2110,2216,100,14115,1,667,99,69,SP20,CS,David Gries ,4,3,No,"Nov 28th, 2017",2110,3.869565217391304,3.1739130434782608
303,CS 2110,2216,100,14115,1,667,99,69,SP20,CS,David Gries ,5,3,Yes,"Aug 18th, 2017",2110,3.869565217391304,3.1739130434782608
304,CS 2110,2216,100,14115,1,667,99,69,SP20,CS,David Gries ,3,3,Yes,"May 15th, 2017",2110,3.869565217391304,3.1739130434782608
305,CS 2110,2216,100,14115,1,667,99,69,SP20,CS,David Gries ,4,3,Yes,"Apr 25th, 2017",2110,3.869565217391304,3.1739130434782608
306,CS 2110,2216,100,14115,1,667,99,69,SP20,CS,David Gries ,1,4,No,"Apr 5th, 2017",2110,3.869565217391304,3.1739130434782608
307,CS 2110,2216,100,14115,1,667,99,69,SP20,CS,David Gries ,5,2,Yes,"Dec 25th, 2016",2110,3.869565217391304,3.1739130434782608
308,CS 2110,2216,100,14115,1,667,99,69,SP20,CS,David Gries ,5,4,Yes,"Dec 20th, 2016",2110,3.869565217391304,3.1739130434782608
309,CS 2110,2216,100,14115,1,667,99,69,SP20,CS,David Gries ,5,3,Yes,"Nov 6th, 2016",2110,3.869565217391304,3.1739130434782608
310,CS 2110,2216,100,14115,1,667,99,69,SP20,CS,Michael Clarkson ,5,2,Yes,"Aug 16th, 2020",2110,3.869565217391304,3.1739130434782608
311,CS 2110,2216,100,14115,1,667,99,69,SP20,CS,Michael Clarkson ,4,3,Yes,"May 23rd, 2020",2110,3.869565217391304,3.1739130434782608
312,CS 2110,2216,100,14115,1,667,99,69,SP20,CS,Michael Clarkson ,5,4,Yes,"Apr 7th, 2020",2110,3.869565217391304,3.1739130434782608
313,CS 2110,2036,100,12742,6,662,90,61,SP18,CS,David Gries ,5,3,Yes,"May 23rd, 2020",2110,3.869565217391304,3.1739130434782608
314,CS 2110,2036,100,12742,6,662,90,61,SP18,CS,David Gries ,5,4,Yes,"May 22nd, 2020",2110,3.869565217391304,3.1739130434782608
315,CS 2110,2036,100,12742,6,662,90,61,SP18,CS,David Gries ,5,3,Yes,"Mar 12th, 2020",2110,3.869565217391304,3.1739130434782608
316,CS 2110,2036,100,12742,6,662,90,61,SP18,CS,David Gries ,1,4,No,"Nov 19th, 2019",2110,3.869565217391304,3.1739130434782608
317,CS 2110,2036,100,12742,6,662,90,61,SP18,CS,David Gries ,4,3,Yes,"Jul 23rd, 2019",2110,3.869565217391304,3.1739130434782608
318,CS 2110,2036,100,12742,6,662,90,61,SP18,CS,David Gries ,1,3,No,"Jun 4th, 2019",2110,3.869565217391304,3.1739130434782608
319,CS 2110,2036,100,12742,6,662,90,61,SP18,CS,David Gries ,4,3,Yes,"Jan 24th, 2019",2110,3.869565217391304,3.1739130434782608
320,CS 2110,2036,100,12742,6,662,90,61,SP18,CS,David Gries ,5,3,Yes,"Jan 12th, 2019",2110,3.869565217391304,3.1739130434782608
321,CS 2110,2036,100,12742,6,662,90,61,SP18,CS,David Gries ,4,4,Yes,"Dec 15th, 2018",2110,3.869565217391304,3.1739130434782608
322,CS 2110,2036,100,12742,6,662,90,61,SP18,CS,David Gries ,3,3,No,"Nov 19th, 2018",2110,3.869565217391304,3.1739130434782608
323,CS 2110,2036,100,12742,6,662,90,61,SP18,CS,David Gries ,1,3,A-,"Feb 21st, 2018",2110,3.869565217391304,3.1739130434782608
324,CS 2110,2036,100,12742,6,662,90,61,SP18,CS,David Gries ,5,3,Yes,"Dec 28th, 2017",2110,3.869565217391304,3.1739130434782608
325,CS 2110,2036,100,12742,6,662,90,61,SP18,CS,David Gries ,4,3,No,"Nov 28th, 2017",2110,3.869565217391304,3.1739130434782608
326,CS 2110,2036,100,12742,6,662,90,61,SP18,CS,David Gries ,5,3,Yes,"Aug 18th, 2017",2110,3.869565217391304,3.1739130434782608
327,CS 2110,2036,100,12742,6,662,90,61,SP18,CS,David Gries ,3,3,Yes,"May 15th, 2017",2110,3.869565217391304,3.1739130434782608
328,CS 2110,2036,100,12742,6,662,90,61,SP18,CS,David Gries ,4,3,Yes,"Apr 25th, 2017",2110,3.869565217391304,3.1739130434782608
329,CS 2110,2036,100,12742,6,662,90,61,SP18,CS,David Gries ,1,4,No,"Apr 5th, 2017",2110,3.869565217391304,3.1739130434782608
330,CS 2110,2036,100,12742,6,662,90,61,SP18,CS,David Gries ,5,2,Yes,"Dec 25th, 2016",2110,3.869565217391304,3.1739130434782608
331,CS 2110,2036,100,12742,6,662,90,61,SP18,CS,David Gries ,5,4,Yes,"Dec 20th, 2016",2110,3.869565217391304,3.1739130434782608
332,CS 2110,2036,100,12742,6,662,90,61,SP18,CS,David Gries ,5,3,Yes,"Nov 6th, 2016",2110,3.869565217391304,3.1739130434782608
333,CS 2110,2036,100,12742,6,662,90,61,SP18,CS,Michael Clarkson ,5,2,Yes,"Aug 16th, 2020",2110,3.869565217391304,3.1739130434782608
334,CS 2110,2036,100,12742,6,662,90,61,SP18,CS,Michael Clarkson ,4,3,Yes,"May 23rd, 2020",2110,3.869565217391304,3.1739130434782608
335,CS 2110,2036,100,12742,6,662,90,61,SP18,CS,Michael Clarkson ,5,4,Yes,"Apr 7th, 2020",2110,3.869565217391304,3.1739130434782608
336,PHYS 2218,117,99,587,7,28,68,75,SP19,PHYS,Andre Leclair ,2,3,No,"Oct 7th, 2019",2218,2.2222222222222223,3.4444444444444446
337,PHYS 2218,117,99,587,7,28,68,75,SP19,PHYS,Andre Leclair ,2,4,No,"Jun 8th, 2019",2218,2.2222222222222223,3.4444444444444446
338,PHYS 2218,117,99,587,7,28,68,75,SP19,PHYS,Andre Leclair ,1,4,No,"May 9th, 2019",2218,2.2222222222222223,3.4444444444444446
339,PHYS 2218,117,99,587,7,28,68,75,SP19,PHYS,Andre Leclair ,1,5,No,"May 9th, 2019",2218,2.2222222222222223,3.4444444444444446
340,PHYS 2218,117,99,587,7,28,68,75,SP19,PHYS,Andre Leclair ,1,5,No,"Apr 15th, 2019",2218,2.2222222222222223,3.4444444444444446
341,PHYS 2218,117,99,587,7,28,68,75,SP19,PHYS,Andre Leclair ,5,3,Yes,"Sep 29th, 2016",2218,2.2222222222222223,3.4444444444444446
342,PHYS 2218,117,99,587,7,28,68,75,SP19,PHYS,Andre Leclair ,3,3,A-,"Apr 7th, 2016",2218,2.2222222222222223,3.4444444444444446
343,PHYS 2218,117,99,587,7,28,68,75,SP19,PHYS,Andre Leclair ,1,2,Not sure yet,"Nov 11th, 2014",2218,2.2222222222222223,3.4444444444444446
344,PHYS 2218,117,99,587,7,28,68,75,SP19,PHYS,Andre Leclair ,4,2,None,"Dec 18th, 2013",2218,2.2222222222222223,3.4444444444444446
345,MATH 2940,696,97,2527,44,482,71,47,SP19,MATH,Alan Zehnder ,4,2,None,"May 18th, 2010",2940,3.0,3.4444444444444446
346,MATH 2940,696,97,2527,44,482,71,47,SP19,MATH,Adrian Lewis ,3,3,Yes,"Jun 8th, 2019",2940,3.0,3.4444444444444446
347,MATH 2940,696,97,2527,44,482,71,47,SP19,MATH,Alex Townsend ,5,4,Yes,"Oct 6th, 2020",2940,3.0,3.4444444444444446
348,MATH 2940,696,97,2527,44,482,71,47,SP19,MATH,Alex Townsend ,5,4,A-,"Dec 27th, 2019",2940,3.0,3.4444444444444446
349,MATH 2940,696,97,2527,44,482,71,47,SP19,MATH,Alex Townsend ,1,5,No,"Dec 17th, 2019",2940,3.0,3.4444444444444446
350,MATH 2940,696,97,2527,44,482,71,47,SP19,MATH,Katya Scheinberg ,1,3,B,"Oct 14th, 2020",2940,3.0,3.4444444444444446
351,MATH 2940,696,97,2527,44,482,71,47,SP19,MATH,Katya Scheinberg ,2,4,No,"Jun 9th, 2020",2940,3.0,3.4444444444444446
352,MATH 2940,696,97,2527,44,482,71,47,SP19,MATH,Katya Scheinberg ,3,3,No,"May 30th, 2020",2940,3.0,3.4444444444444446
353,MATH 2940,696,97,2527,44,482,71,47,SP19,MATH,Katya Scheinberg ,3,3,No,"May 23rd, 2020",2940,3.0,3.4444444444444446
354,MATH 2940,696,97,2527,44,482,71,47,FA19,MATH,Alan Zehnder ,4,2,None,"May 18th, 2010",2940,3.0,3.4444444444444446
355,MATH 2940,696,97,2527,44,482,71,47,FA19,MATH,Adrian Lewis ,3,3,Yes,"Jun 8th, 2019",2940,3.0,3.4444444444444446
356,MATH 2940,696,97,2527,44,482,71,47,FA19,MATH,Alex Townsend ,5,4,Yes,"Oct 6th, 2020",2940,3.0,3.4444444444444446
357,MATH 2940,696,97,2527,44,482,71,47,FA19,MATH,Alex Townsend ,5,4,A-,"Dec 27th, 2019",2940,3.0,3.4444444444444446
358,MATH 2940,696,97,2527,44,482,71,47,FA19,MATH,Alex Townsend ,1,5,No,"Dec 17th, 2019",2940,3.0,3.4444444444444446
359,MATH 2940,696,97,2527,44,482,71,47,FA19,MATH,Katya Scheinberg ,1,3,B,"Oct 14th, 2020",2940,3.0,3.4444444444444446
360,MATH 2940,696,97,2527,44,482,71,47,FA19,MATH,Katya Scheinberg ,2,4,No,"Jun 9th, 2020",2940,3.0,3.4444444444444446
361,MATH 2940,696,97,2527,44,482,71,47,FA19,MATH,Katya Scheinberg ,3,3,No,"May 30th, 2020",2940,3.0,3.4444444444444446
362,MATH 2940,696,97,2527,44,482,71,47,FA19,MATH,Katya Scheinberg ,3,3,No,"May 23rd, 2020",2940,3.0,3.4444444444444446
363,MATH 2940,583,97,2692,16,473,52,53,SP20,MATH,Alan Zehnder ,4,2,None,"May 18th, 2010",2940,3.0,3.4444444444444446
364,MATH 2940,583,97,2692,16,473,52,53,SP20,MATH,Adrian Lewis ,3,3,Yes,"Jun 8th, 2019",2940,3.0,3.4444444444444446
365,MATH 2940,583,97,2692,16,473,52,53,SP20,MATH,Alex Townsend ,5,4,Yes,"Oct 6th, 2020",2940,3.0,3.4444444444444446
366,MATH 2940,583,97,2692,16,473,52,53,SP20,MATH,Alex Townsend ,5,4,A-,"Dec 27th, 2019",2940,3.0,3.4444444444444446
367,MATH 2940,583,97,2692,16,473,52,53,SP20,MATH,Alex Townsend ,1,5,No,"Dec 17th, 2019",2940,3.0,3.4444444444444446
368,MATH 2940,583,97,2692,16,473,52,53,SP20,MATH,Katya Scheinberg ,1,3,B,"Oct 14th, 2020",2940,3.0,3.4444444444444446
369,MATH 2940,583,97,2692,16,473,52,53,SP20,MATH,Katya Scheinberg ,2,4,No,"Jun 9th, 2020",2940,3.0,3.4444444444444446
370,MATH 2940,583,97,2692,16,473,52,53,SP20,MATH,Katya Scheinberg ,3,3,No,"May 30th, 2020",2940,3.0,3.4444444444444446
371,MATH 2940,583,97,2692,16,473,52,53,SP20,MATH,Katya Scheinberg ,3,3,No,"May 23rd, 2020",2940,3.0,3.4444444444444446
372,CS 4700,409,99,1875,22,238,96,55,SP20,CS,Haym Hirsh ,4,3,Yes,"May 11th, 2020",4700,3.1,2.5
373,CS 4700,409,99,1875,22,238,96,55,SP20,CS,Haym Hirsh ,4,3,Yes,"Apr 9th, 2020",4700,3.1,2.5
374,CS 4700,409,99,1875,22,238,96,55,SP20,CS,Haym Hirsh ,1,2,No,"Dec 14th, 2019",4700,3.1,2.5
375,CS 4700,409,99,1875,22,238,96,55,SP20,CS,Haym Hirsh ,1,4,No,"Nov 12th, 2019",4700,3.1,2.5
376,CS 4700,409,99,1875,22,238,96,55,SP20,CS,Haym Hirsh ,5,3,Yes,"Jun 28th, 2019",4700,3.1,2.5
377,CS 4700,409,99,1875,22,238,96,55,SP20,CS,Haym Hirsh ,1,1,No,"Jan 31st, 2019",4700,3.1,2.5
378,CS 4700,409,99,1875,22,238,96,55,SP20,CS,Haym Hirsh ,4,2,Yes,"May 29th, 2018",4700,3.1,2.5
379,CS 4700,409,99,1875,22,238,96,55,SP20,CS,Haym Hirsh ,1,1,Yes,"May 16th, 2018",4700,3.1,2.5
380,CS 4700,409,99,1875,22,238,96,55,SP20,CS,Haym Hirsh ,5,3,Yes,"Aug 19th, 2017",4700,3.1,2.5
381,CS 4700,409,99,1875,22,238,96,55,SP20,CS,Haym Hirsh ,5,3,Yes,"Jun 25th, 2017",4700,3.1,2.5
382,CS 1110,3825,100,11364,10,716,97,69,FA18,CS,Walker White ,5,4,Yes,"Feb 21st, 2020",1110,4.75,3.357142857142857
383,CS 1110,3825,100,11364,10,716,97,69,FA18,CS,Walker White ,5,5,B-,"Jan 15th, 2020",1110,4.75,3.357142857142857
384,CS 1110,3825,100,11364,10,716,97,69,FA18,CS,Walker White ,5,4,Yes,"Dec 28th, 2019",1110,4.75,3.357142857142857
385,CS 1110,3825,100,11364,10,716,97,69,FA18,CS,Walker White ,4,3,Yes,"Dec 5th, 2019",1110,4.75,3.357142857142857
386,CS 1110,3825,100,11364,10,716,97,69,FA18,CS,Walker White ,5,3,Yes,"Nov 26th, 2019",1110,4.75,3.357142857142857
387,CS 1110,3825,100,11364,10,716,97,69,FA18,CS,Walker White ,5,4,Yes,"Apr 19th, 2019",1110,4.75,3.357142857142857
388,CS 1110,3825,100,11364,10,716,97,69,FA18,CS,Walker White ,5,4,Yes,"Jan 11th, 2019",1110,4.75,3.357142857142857
389,CS 1110,3825,100,11364,10,716,97,69,FA18,CS,Walker White ,4,4,No,"Jan 11th, 2019",1110,4.75,3.357142857142857
390,CS 1110,3825,100,11364,10,716,97,69,FA18,CS,Walker White ,5,3,Yes,"Jan 3rd, 2019",1110,4.75,3.357142857142857
391,CS 1110,3825,100,11364,10,716,97,69,FA18,CS,Walker White ,5,3,A,"Dec 22nd, 2018",1110,4.75,3.357142857142857
392,CS 1110,3825,100,11364,10,716,97,69,FA18,CS,Walker White ,5,3,Yes,"Dec 14th, 2018",1110,4.75,3.357142857142857
393,CS 1110,3825,100,11364,10,716,97,69,FA18,CS,Walker White ,4,3,Yes,"Dec 10th, 2018",1110,4.75,3.357142857142857
394,CS 1110,3825,100,11364,10,716,97,69,FA18,CS,Walker White ,5,3,Yes,"Nov 11th, 2018",1110,4.75,3.357142857142857
395,CS 1110,3825,100,11364,10,716,97,69,FA18,CS,Walker White ,5,3,Yes,"Nov 10th, 2018",1110,4.75,3.357142857142857
396,CS 1110,3825,100,11364,10,716,97,69,FA18,CS,Walker White ,5,4,Yes,"Nov 9th, 2018",1110,4.75,3.357142857142857
397,CS 1110,3825,100,11364,10,716,97,69,FA18,CS,Walker White ,5,4,Yes,"Nov 4th, 2018",1110,4.75,3.357142857142857
398,CS 1110,3825,100,11364,10,716,97,69,FA18,CS,Walker White ,5,3,Yes,"Oct 22nd, 2018",1110,4.75,3.357142857142857
399,CS 1110,3825,100,11364,10,716,97,69,FA18,CS,Walker White ,4,5,No,"Oct 1st, 2018",1110,4.75,3.357142857142857
400,CS 1110,3825,100,11364,10,716,97,69,FA18,CS,Walker White ,3,5,No,"Jul 9th, 2018",1110,4.75,3.357142857142857
401,CS 1110,3825,100,11364,10,716,97,69,FA18,CS,Anne Bracy ,5,2,Yes,"Oct 2nd, 2019",1110,4.75,3.357142857142857
402,CS 1110,3825,100,11364,10,716,97,69,FA18,CS,Anne Bracy ,5,2,Yes,"Aug 13th, 2018",1110,4.75,3.357142857142857
403,CS 1110,3825,100,11364,10,716,97,69,FA18,CS,Anne Bracy ,4,3,Yes,"May 20th, 2018",1110,4.75,3.357142857142857
404,CS 1110,3825,100,11364,10,716,97,69,FA18,CS,Anne Bracy ,5,4,Yes,"May 18th, 2018",1110,4.75,3.357142857142857
405,CS 1110,3825,100,11364,10,716,97,69,FA18,CS,Anne Bracy ,5,2,Yes,"May 13th, 2018",1110,4.75,3.357142857142857
406,CS 1110,3825,100,11364,10,716,97,69,FA18,CS,Daisy Fan ,5,3,Yes,"Dec 1st, 2020",1110,4.75,3.357142857142857
407,CS 1110,3825,100,11364,10,716,97,69,FA18,CS,Daisy Fan ,5,3,Yes,"Jun 1st, 2020",1110,4.75,3.357142857142857
408,CS 1110,3825,100,11364,10,716,97,69,FA18,CS,Daisy Fan ,5,2,A,"May 19th, 2020",1110,4.75,3.357142857142857
409,CS 1110,3825,100,11364,10,716,97,69,FA18,CS,Daisy Fan ,5,3,Yes,"Apr 15th, 2020",1110,4.75,3.357142857142857
410,CS 1110,3825,100,11364,10,716,97,69,FA18,CS,Walker White ,5,4,Yes,"Feb 21st, 2020",1110,4.75,3.357142857142857
411,CS 1110,3825,100,11364,10,716,97,69,FA18,CS,Walker White ,5,5,B-,"Jan 15th, 2020",1110,4.75,3.357142857142857
412,CS 1110,3825,100,11364,10,716,97,69,FA18,CS,Walker White ,5,4,Yes,"Dec 28th, 2019",1110,4.75,3.357142857142857
413,CS 1110,3825,100,11364,10,716,97,69,FA18,CS,Walker White ,4,3,Yes,"Dec 5th, 2019",1110,4.75,3.357142857142857
414,CS 1110,3825,100,11364,10,716,97,69,FA18,CS,Walker White ,5,3,Yes,"Nov 26th, 2019",1110,4.75,3.357142857142857
415,CS 1110,3825,100,11364,10,716,97,69,FA18,CS,Walker White ,5,4,Yes,"Apr 19th, 2019",1110,4.75,3.357142857142857
416,CS 1110,3825,100,11364,10,716,97,69,FA18,CS,Walker White ,5,4,Yes,"Jan 11th, 2019",1110,4.75,3.357142857142857
417,CS 1110,3825,100,11364,10,716,97,69,FA18,CS,Walker White ,4,4,No,"Jan 11th, 2019",1110,4.75,3.357142857142857
418,CS 1110,3825,100,11364,10,716,97,69,FA18,CS,Walker White ,5,3,Yes,"Jan 3rd, 2019",1110,4.75,3.357142857142857
419,CS 1110,3825,100,11364,10,716,97,69,FA18,CS,Walker White ,5,3,A,"Dec 22nd, 2018",1110,4.75,3.357142857142857
420,CS 1110,3825,100,11364,10,716,97,69,FA18,CS,Walker White ,5,3,Yes,"Dec 14th, 2018",1110,4.75,3.357142857142857
421,CS 1110,3825,100,11364,10,716,97,69,FA18,CS,Walker White ,4,3,Yes,"Dec 10th, 2018",1110,4.75,3.357142857142857
422,CS 1110,3825,100,11364,10,716,97,69,FA18,CS,Walker White ,5,3,Yes,"Nov 11th, 2018",1110,4.75,3.357142857142857
423,CS 1110,3825,100,11364,10,716,97,69,FA18,CS,Walker White ,5,3,Yes,"Nov 10th, 2018",1110,4.75,3.357142857142857
424,CS 1110,3825,100,11364,10,716,97,69,FA18,CS,Walker White ,5,4,Yes,"Nov 9th, 2018",1110,4.75,3.357142857142857
425,CS 1110,3825,100,11364,10,716,97,69,FA18,CS,Walker White ,5,4,Yes,"Nov 4th, 2018",1110,4.75,3.357142857142857
426,CS 1110,3825,100,11364,10,716,97,69,FA18,CS,Walker White ,5,3,Yes,"Oct 22nd, 2018",1110,4.75,3.357142857142857
427,CS 1110,3825,100,11364,10,716,97,69,FA18,CS,Walker White ,4,5,No,"Oct 1st, 2018",1110,4.75,3.357142857142857
428,CS 1110,3825,100,11364,10,716,97,69,FA18,CS,Walker White ,3,5,No,"Jul 9th, 2018",1110,4.75,3.357142857142857
429,CS 1110,3825,100,11364,10,716,97,69,FA18,CS,Anne Bracy ,5,2,Yes,"Oct 2nd, 2019",1110,4.75,3.357142857142857
430,CS 1110,3825,100,11364,10,716,97,69,FA18,CS,Anne Bracy ,5,2,Yes,"Aug 13th, 2018",1110,4.75,3.357142857142857
431,CS 1110,3825,100,11364,10,716,97,69,FA18,CS,Anne Bracy ,4,3,Yes,"May 20th, 2018",1110,4.75,3.357142857142857
432,CS 1110,3825,100,11364,10,716,97,69,FA18,CS,Anne Bracy ,5,4,Yes,"May 18th, 2018",1110,4.75,3.357142857142857
433,CS 1110,3825,100,11364,10,716,97,69,FA18,CS,Anne Bracy ,5,2,Yes,"May 13th, 2018",1110,4.75,3.357142857142857
434,CS 1110,3825,100,11364,10,716,97,69,FA18,CS,Daisy Fan ,5,3,Yes,"Dec 1st, 2020",1110,4.75,3.357142857142857
435,CS 1110,3825,100,11364,10,716,97,69,FA18,CS,Daisy Fan ,5,3,Yes,"Jun 1st, 2020",1110,4.75,3.357142857142857
436,CS 1110,3825,100,11364,10,716,97,69,FA18,CS,Daisy Fan ,5,2,A,"May 19th, 2020",1110,4.75,3.357142857142857
437,CS 1110,3825,100,11364,10,716,97,69,FA18,CS,Daisy Fan ,5,3,Yes,"Apr 15th, 2020",1110,4.75,3.357142857142857
438,CS 1110,336,100,1559,20,405,90,43,SP20,CS,Walker White ,5,4,Yes,"Feb 21st, 2020",1110,4.75,3.357142857142857
439,CS 1110,336,100,1559,20,405,90,43,SP20,CS,Walker White ,5,5,B-,"Jan 15th, 2020",1110,4.75,3.357142857142857
440,CS 1110,336,100,1559,20,405,90,43,SP20,CS,Walker White ,5,4,Yes,"Dec 28th, 2019",1110,4.75,3.357142857142857
441,CS 1110,336,100,1559,20,405,90,43,SP20,CS,Walker White ,4,3,Yes,"Dec 5th, 2019",1110,4.75,3.357142857142857
442,CS 1110,336,100,1559,20,405,90,43,SP20,CS,Walker White ,5,3,Yes,"Nov 26th, 2019",1110,4.75,3.357142857142857
443,CS 1110,336,100,1559,20,405,90,43,SP20,CS,Walker White ,5,4,Yes,"Apr 19th, 2019",1110,4.75,3.357142857142857
444,CS 1110,336,100,1559,20,405,90,43,SP20,CS,Walker White ,5,4,Yes,"Jan 11th, 2019",1110,4.75,3.357142857142857
445,CS 1110,336,100,1559,20,405,90,43,SP20,CS,Walker White ,4,4,No,"Jan 11th, 2019",1110,4.75,3.357142857142857
446,CS 1110,336,100,1559,20,405,90,43,SP20,CS,Walker White ,5,3,Yes,"Jan 3rd, 2019",1110,4.75,3.357142857142857
447,CS 1110,336,100,1559,20,405,90,43,SP20,CS,Walker White ,5,3,A,"Dec 22nd, 2018",1110,4.75,3.357142857142857
448,CS 1110,336,100,1559,20,405,90,43,SP20,CS,Walker White ,5,3,Yes,"Dec 14th, 2018",1110,4.75,3.357142857142857
449,CS 1110,336,100,1559,20,405,90,43,SP20,CS,Walker White ,4,3,Yes,"Dec 10th, 2018",1110,4.75,3.357142857142857
450,CS 1110,336,100,1559,20,405,90,43,SP20,CS,Walker White ,5,3,Yes,"Nov 11th, 2018",1110,4.75,3.357142857142857
451,CS 1110,336,100,1559,20,405,90,43,SP20,CS,Walker White ,5,3,Yes,"Nov 10th, 2018",1110,4.75,3.357142857142857
452,CS 1110,336,100,1559,20,405,90,43,SP20,CS,Walker White ,5,4,Yes,"Nov 9th, 2018",1110,4.75,3.357142857142857
453,CS 1110,336,100,1559,20,405,90,43,SP20,CS,Walker White ,5,4,Yes,"Nov 4th, 2018",1110,4.75,3.357142857142857
454,CS 1110,336,100,1559,20,405,90,43,SP20,CS,Walker White ,5,3,Yes,"Oct 22nd, 2018",1110,4.75,3.357142857142857
455,CS 1110,336,100,1559,20,405,90,43,SP20,CS,Walker White ,4,5,No,"Oct 1st, 2018",1110,4.75,3.357142857142857
456,CS 1110,336,100,1559,20,405,90,43,SP20,CS,Walker White ,3,5,No,"Jul 9th, 2018",1110,4.75,3.357142857142857
457,CS 1110,336,100,1559,20,405,90,43,SP20,CS,Anne Bracy ,5,2,Yes,"Oct 2nd, 2019",1110,4.75,3.357142857142857
458,CS 1110,336,100,1559,20,405,90,43,SP20,CS,Anne Bracy ,5,2,Yes,"Aug 13th, 2018",1110,4.75,3.357142857142857
459,CS 1110,336,100,1559,20,405,90,43,SP20,CS,Anne Bracy ,4,3,Yes,"May 20th, 2018",1110,4.75,3.357142857142857
460,CS 1110,336,100,1559,20,405,90,43,SP20,CS,Anne Bracy ,5,4,Yes,"May 18th, 2018",1110,4.75,3.357142857142857
461,CS 1110,336,100,1559,20,405,90,43,SP20,CS,Anne Bracy ,5,2,Yes,"May 13th, 2018",1110,4.75,3.357142857142857
462,CS 1110,336,100,1559,20,405,90,43,SP20,CS,Daisy Fan ,5,3,Yes,"Dec 1st, 2020",1110,4.75,3.357142857142857
463,CS 1110,336,100,1559,20,405,90,43,SP20,CS,Daisy Fan ,5,3,Yes,"Jun 1st, 2020",1110,4.75,3.357142857142857
464,CS 1110,336,100,1559,20,405,90,43,SP20,CS,Daisy Fan ,5,2,A,"May 19th, 2020",1110,4.75,3.357142857142857
465,CS 1110,336,100,1559,20,405,90,43,SP20,CS,Daisy Fan ,5,3,Yes,"Apr 15th, 2020",1110,4.75,3.357142857142857
466,CS 1110,2681,100,8544,15,569,84,73,FA17,CS,Walker White ,5,4,Yes,"Feb 21st, 2020",1110,4.75,3.357142857142857
467,CS 1110,2681,100,8544,15,569,84,73,FA17,CS,Walker White ,5,5,B-,"Jan 15th, 2020",1110,4.75,3.357142857142857
468,CS 1110,2681,100,8544,15,569,84,73,FA17,CS,Walker White ,5,4,Yes,"Dec 28th, 2019",1110,4.75,3.357142857142857
469,CS 1110,2681,100,8544,15,569,84,73,FA17,CS,Walker White ,4,3,Yes,"Dec 5th, 2019",1110,4.75,3.357142857142857
470,CS 1110,2681,100,8544,15,569,84,73,FA17,CS,Walker White ,5,3,Yes,"Nov 26th, 2019",1110,4.75,3.357142857142857
471,CS 1110,2681,100,8544,15,569,84,73,FA17,CS,Walker White ,5,4,Yes,"Apr 19th, 2019",1110,4.75,3.357142857142857
472,CS 1110,2681,100,8544,15,569,84,73,FA17,CS,Walker White ,5,4,Yes,"Jan 11th, 2019",1110,4.75,3.357142857142857
473,CS 1110,2681,100,8544,15,569,84,73,FA17,CS,Walker White ,4,4,No,"Jan 11th, 2019",1110,4.75,3.357142857142857
474,CS 1110,2681,100,8544,15,569,84,73,FA17,CS,Walker White ,5,3,Yes,"Jan 3rd, 2019",1110,4.75,3.357142857142857
475,CS 1110,2681,100,8544,15,569,84,73,FA17,CS,Walker White ,5,3,A,"Dec 22nd, 2018",1110,4.75,3.357142857142857
476,CS 1110,2681,100,8544,15,569,84,73,FA17,CS,Walker White ,5,3,Yes,"Dec 14th, 2018",1110,4.75,3.357142857142857
477,CS 1110,2681,100,8544,15,569,84,73,FA17,CS,Walker White ,4,3,Yes,"Dec 10th, 2018",1110,4.75,3.357142857142857
478,CS 1110,2681,100,8544,15,569,84,73,FA17,CS,Walker White ,5,3,Yes,"Nov 11th, 2018",1110,4.75,3.357142857142857
479,CS 1110,2681,100,8544,15,569,84,73,FA17,CS,Walker White ,5,3,Yes,"Nov 10th, 2018",1110,4.75,3.357142857142857
480,CS 1110,2681,100,8544,15,569,84,73,FA17,CS,Walker White ,5,4,Yes,"Nov 9th, 2018",1110,4.75,3.357142857142857
481,CS 1110,2681,100,8544,15,569,84,73,FA17,CS,Walker White ,5,4,Yes,"Nov 4th, 2018",1110,4.75,3.357142857142857
482,CS 1110,2681,100,8544,15,569,84,73,FA17,CS,Walker White ,5,3,Yes,"Oct 22nd, 2018",1110,4.75,3.357142857142857
483,CS 1110,2681,100,8544,15,569,84,73,FA17,CS,Walker White ,4,5,No,"Oct 1st, 2018",1110,4.75,3.357142857142857
484,CS 1110,2681,100,8544,15,569,84,73,FA17,CS,Walker White ,3,5,No,"Jul 9th, 2018",1110,4.75,3.357142857142857
485,CS 1110,2681,100,8544,15,569,84,73,FA17,CS,Anne Bracy ,5,2,Yes,"Oct 2nd, 2019",1110,4.75,3.357142857142857
486,CS 1110,2681,100,8544,15,569,84,73,FA17,CS,Anne Bracy ,5,2,Yes,"Aug 13th, 2018",1110,4.75,3.357142857142857
487,CS 1110,2681,100,8544,15,569,84,73,FA17,CS,Anne Bracy ,4,3,Yes,"May 20th, 2018",1110,4.75,3.357142857142857
488,CS 1110,2681,100,8544,15,569,84,73,FA17,CS,Anne Bracy ,5,4,Yes,"May 18th, 2018",1110,4.75,3.357142857142857
489,CS 1110,2681,100,8544,15,569,84,73,FA17,CS,Anne Bracy ,5,2,Yes,"May 13th, 2018",1110,4.75,3.357142857142857
490,CS 1110,2681,100,8544,15,569,84,73,FA17,CS,Daisy Fan ,5,3,Yes,"Dec 1st, 2020",1110,4.75,3.357142857142857
491,CS 1110,2681,100,8544,15,569,84,73,FA17,CS,Daisy Fan ,5,3,Yes,"Jun 1st, 2020",1110,4.75,3.357142857142857
492,CS 1110,2681,100,8544,15,569,84,73,FA17,CS,Daisy Fan ,5,2,A,"May 19th, 2020",1110,4.75,3.357142857142857
493,CS 1110,2681,100,8544,15,569,84,73,FA17,CS,Daisy Fan ,5,3,Yes,"Apr 15th, 2020",1110,4.75,3.357142857142857
494,PHYS 1116,46,83,195,44,44,43,32,SP19,PHYS,Liam McAllister ,5,4,Yes,"May 17th, 2019",1116,4.833333333333333,3.8333333333333335
495,PHYS 1116,46,83,195,44,44,43,32,SP19,PHYS,Liam McAllister ,5,4,None,"Sep 23rd, 2013",1116,4.833333333333333,3.8333333333333335
496,PHYS 1116,46,83,195,44,44,43,32,SP19,PHYS,Liam McAllister ,5,4,None,"Nov 25th, 2012",1116,4.833333333333333,3.8333333333333335
497,PHYS 1116,46,83,195,44,44,43,32,SP19,PHYS,Liam McAllister ,5,5,None,"Aug 9th, 2012",1116,4.833333333333333,3.8333333333333335
498,PHYS 1116,46,83,195,44,44,43,32,SP19,PHYS,Liam McAllister ,5,3,None,"Aug 7th, 2012",1116,4.833333333333333,3.8333333333333335
499,PHYS 1116,46,83,195,44,44,43,32,SP19,PHYS,Liam McAllister ,4,3,None,"Jul 20th, 2012",1116,4.833333333333333,3.8333333333333335
500,CS 3410,1167,100,4743,16,197,84,87,FA18,CS,Anne Bracy ,5,5,Yes,"Nov 26th, 2020",3410,3.263157894736842,4.052631578947368
501,CS 3410,1167,100,4743,16,197,84,87,FA18,CS,Anne Bracy ,1,4,No,"Feb 12th, 2020",3410,3.263157894736842,4.052631578947368
502,CS 3410,1167,100,4743,16,197,84,87,FA18,CS,Anne Bracy ,5,4,Yes,"Dec 9th, 2019",3410,3.263157894736842,4.052631578947368
503,CS 3410,1167,100,4743,16,197,84,87,FA18,CS,Anne Bracy ,5,4,Yes,"Dec 12th, 2018",3410,3.263157894736842,4.052631578947368
504,CS 3410,1167,100,4743,16,197,84,87,FA18,CS,Anne Bracy ,5,5,Yes,"Dec 10th, 2018",3410,3.263157894736842,4.052631578947368
505,CS 3410,1167,100,4743,16,197,84,87,FA18,CS,Anne Bracy ,5,4,Yes,"Nov 8th, 2018",3410,3.263157894736842,4.052631578947368
506,CS 3410,1167,100,4743,16,197,84,87,FA18,CS,Anne Bracy ,5,4,B+,"Feb 20th, 2018",3410,3.263157894736842,4.052631578947368
507,CS 3410,1167,100,4743,16,197,84,87,FA18,CS,Anne Bracy ,5,4,A,"Dec 9th, 2017",3410,3.263157894736842,4.052631578947368
508,CS 3410,1167,100,4743,16,197,84,87,FA18,CS,Anne Bracy ,5,5,Yes,"Dec 8th, 2017",3410,3.263157894736842,4.052631578947368
509,CS 3410,1167,100,4743,16,197,84,87,FA18,CS,Hakim Weatherspoon ,1,4,No,"Apr 16th, 2020",3410,3.263157894736842,4.052631578947368
510,CS 3410,1167,100,4743,16,197,84,87,FA18,CS,Hakim Weatherspoon ,3,3,None,"Jul 22nd, 2015",3410,3.263157894736842,4.052631578947368
511,CS 3410,1167,100,4743,16,197,84,87,FA18,CS,Hakim Weatherspoon ,1,5,None,"Feb 10th, 2014",3410,3.263157894736842,4.052631578947368
512,CS 3410,1167,100,4743,16,197,84,87,FA18,CS,Hakim Weatherspoon ,1,3,None,"May 17th, 2013",3410,3.263157894736842,4.052631578947368
513,CS 3410,1167,100,4743,16,197,84,87,FA18,CS,Hakim Weatherspoon ,3,5,None,"May 6th, 2013",3410,3.263157894736842,4.052631578947368
514,CS 3410,1167,100,4743,16,197,84,87,FA18,CS,Hakim Weatherspoon ,2,5,None,"Mar 31st, 2013",3410,3.263157894736842,4.052631578947368
515,CS 3410,1167,100,4743,16,197,84,87,FA18,CS,Hakim Weatherspoon ,4,3,None,"Mar 19th, 2012",3410,3.263157894736842,4.052631578947368
516,CS 3410,1167,100,4743,16,197,84,87,FA18,CS,Hakim Weatherspoon ,1,4,None,"Feb 2nd, 2012",3410,3.263157894736842,4.052631578947368
517,CS 3410,1167,100,4743,16,197,84,87,FA18,CS,Hakim Weatherspoon ,1,4,None,"Oct 26th, 2011",3410,3.263157894736842,4.052631578947368
518,CS 3410,1167,100,4743,16,197,84,87,FA18,CS,Hakim Weatherspoon ,4,2,None,"Apr 20th, 2011",3410,3.263157894736842,4.052631578947368
519,CS 3410,2224,100,8598,11,205,87,90,SP19,CS,Anne Bracy ,5,5,Yes,"Nov 26th, 2020",3410,3.263157894736842,4.052631578947368
520,CS 3410,2224,100,8598,11,205,87,90,SP19,CS,Anne Bracy ,1,4,No,"Feb 12th, 2020",3410,3.263157894736842,4.052631578947368
521,CS 3410,2224,100,8598,11,205,87,90,SP19,CS,Anne Bracy ,5,4,Yes,"Dec 9th, 2019",3410,3.263157894736842,4.052631578947368
522,CS 3410,2224,100,8598,11,205,87,90,SP19,CS,Anne Bracy ,5,4,Yes,"Dec 12th, 2018",3410,3.263157894736842,4.052631578947368
523,CS 3410,2224,100,8598,11,205,87,90,SP19,CS,Anne Bracy ,5,5,Yes,"Dec 10th, 2018",3410,3.263157894736842,4.052631578947368
524,CS 3410,2224,100,8598,11,205,87,90,SP19,CS,Anne Bracy ,5,4,Yes,"Nov 8th, 2018",3410,3.263157894736842,4.052631578947368
525,CS 3410,2224,100,8598,11,205,87,90,SP19,CS,Anne Bracy ,5,4,B+,"Feb 20th, 2018",3410,3.263157894736842,4.052631578947368
526,CS 3410,2224,100,8598,11,205,87,90,SP19,CS,Anne Bracy ,5,4,A,"Dec 9th, 2017",3410,3.263157894736842,4.052631578947368
527,CS 3410,2224,100,8598,11,205,87,90,SP19,CS,Anne Bracy ,5,5,Yes,"Dec 8th, 2017",3410,3.263157894736842,4.052631578947368
528,CS 3410,2224,100,8598,11,205,87,90,SP19,CS,Hakim Weatherspoon ,1,4,No,"Apr 16th, 2020",3410,3.263157894736842,4.052631578947368
529,CS 3410,2224,100,8598,11,205,87,90,SP19,CS,Hakim Weatherspoon ,3,3,None,"Jul 22nd, 2015",3410,3.263157894736842,4.052631578947368
530,CS 3410,2224,100,8598,11,205,87,90,SP19,CS,Hakim Weatherspoon ,1,5,None,"Feb 10th, 2014",3410,3.263157894736842,4.052631578947368
531,CS 3410,2224,100,8598,11,205,87,90,SP19,CS,Hakim Weatherspoon ,1,3,None,"May 17th, 2013",3410,3.263157894736842,4.052631578947368
532,CS 3410,2224,100,8598,11,205,87,90,SP19,CS,Hakim Weatherspoon ,3,5,None,"May 6th, 2013",3410,3.263157894736842,4.052631578947368
533,CS 3410,2224,100,8598,11,205,87,90,SP19,CS,Hakim Weatherspoon ,2,5,None,"Mar 31st, 2013",3410,3.263157894736842,4.052631578947368
534,CS 3410,2224,100,8598,11,205,87,90,SP19,CS,Hakim Weatherspoon ,4,3,None,"Mar 19th, 2012",3410,3.263157894736842,4.052631578947368
535,CS 3410,2224,100,8598,11,205,87,90,SP19,CS,Hakim Weatherspoon ,1,4,None,"Feb 2nd, 2012",3410,3.263157894736842,4.052631578947368
536,CS 3410,2224,100,8598,11,205,87,90,SP19,CS,Hakim Weatherspoon ,1,4,None,"Oct 26th, 2011",3410,3.263157894736842,4.052631578947368
537,CS 3410,2224,100,8598,11,205,87,90,SP19,CS,Hakim Weatherspoon ,4,2,None,"Apr 20th, 2011",3410,3.263157894736842,4.052631578947368
538,CS 2112,694,100,2912,8,90,83,89,FA19,CS,Andrew Myers ,5,5,Yes,"May 16th, 2020",2112,4.571428571428571,3.7142857142857144
539,CS 2112,694,100,2912,8,90,83,89,FA19,CS,Andrew Myers ,5,4,A,"Jan 23rd, 2020",2112,4.571428571428571,3.7142857142857144
540,CS 2112,694,100,2912,8,90,83,89,FA19,CS,Andrew Myers ,5,4,No,"Dec 21st, 2019",2112,4.571428571428571,3.7142857142857144
541,CS 2112,694,100,2912,8,90,83,89,FA19,CS,Andrew Myers ,4,3,No,"Apr 19th, 2016",2112,4.571428571428571,3.7142857142857144
542,CS 2112,694,100,2912,8,90,83,89,FA19,CS,Andrew Myers ,5,4,A,"Apr 7th, 2016",2112,4.571428571428571,3.7142857142857144
543,CS 2112,694,100,2912,8,90,83,89,FA19,CS,Andrew Myers ,4,2,None,"Dec 18th, 2012",2112,4.571428571428571,3.7142857142857144
544,CS 2112,694,100,2912,8,90,83,89,FA19,CS,Andrew Myers ,4,4,None,"Sep 8th, 2012",2112,4.571428571428571,3.7142857142857144
545,ECE 2100,1101,96,4073,17,424,78,66,FA19,ECE,Clifford Pollock ,3,3,Yes,"Jan 22nd, 2020",2100,4.2,3.0
546,ECE 2100,1101,96,4073,17,424,78,66,FA19,ECE,Clifford Pollock ,4,4,Yes,"Sep 18th, 2015",2100,4.2,3.0
547,ECE 2100,1101,96,4073,17,424,78,66,FA19,ECE,Clifford Pollock ,4,2,None,"Jun 5th, 2014",2100,4.2,3.0
548,ECE 2100,1101,96,4073,17,424,78,66,FA19,ECE,Clifford Pollock ,5,3,None,"Apr 14th, 2014",2100,4.2,3.0
549,ECE 2100,1101,96,4073,17,424,78,66,FA19,ECE,Clifford Pollock ,5,3,None,"Feb 25th, 2013",2100,4.2,3.0
550,INFO 4240,465,100,1712,13,185,90,65,SP20,INFO,Phoebe Sengers ,4,4,Yes,"Jan 21st, 2020",4240,4.0,2.6
551,INFO 4240,465,100,1712,13,185,90,65,SP20,INFO,Phoebe Sengers ,5,3,Yes,"Dec 12th, 2018",4240,4.0,2.6
552,INFO 4240,465,100,1712,13,185,90,65,SP20,INFO,Phoebe Sengers ,2,1,No,"Sep 3rd, 2017",4240,4.0,2.6
553,INFO 4240,465,100,1712,13,185,90,65,SP20,INFO,Phoebe Sengers ,5,2,Yes,"Sep 20th, 2016",4240,4.0,2.6
554,INFO 4240,465,100,1712,13,185,90,65,SP20,INFO,Phoebe Sengers ,4,3,No,"Oct 27th, 2015",4240,4.0,2.6
